pietro,izby,powierzchnia,zadrzewienie,autostrada,przemys≈Ç,centrum,jezioro,lasy,tramwaj,policja,szkola,cena,zainter
0,4,65.1,13.44,3153.811,63.63961,7366.526,1384.377,538.5629,472.705,2996.068,1324.84,4531.49,FALSE
3,2,32.7,21.56,8452.07227,134.3503,2818.24414,1601.85046,1471.20703,96.04687,1860.02686,289.87067,1972.32,TRUE
0,3,40.98,1.2,6571.539,89.44272,2269.058,1264.802,798.8273,40.31129,734.2003,261.725,2037.58,TRUE
3,2,49.53,0.48,11763.63574,207.00241,5615.26953,5416.94092,236.48466,2214.45825,2338.56787,182.48288,5471.43,FALSE
4,3,81.4,21.72,4384.955,169.1892,2375.395,3475.809,2024.846,317.5689,1301.768,65,3482.8,TRUE
2,3,52.4,11.48,6120,46.09772,2993.59741,1480.54041,1296.91943,195.25624,1014.16223,235,4293.89,TRUE
2,3,35.9,0.68,6405.412,120.8305,502.0209,2208.308,2297.243,98.23441,365.3081,332.8663,5710.31,FALSE
2,3,46.79,0.04,11821.25781,168.07736,5669.87207,5477.19385,182.00275,2214.6106,2324.90869,192.35384,5343.02,FALSE
1,3,47.3,1.72,4011.795,105,3996.079,2067.873,1562.122,609.2618,1053.114,450.6939,6342.49,FALSE
8,3,46.8,15.16,9312.382,783.3422,3160.396,3036.647,1409.69,284.6928,1882.956,386.0052,2649.57,TRUE
1,2,44.8,4.92,3406.11938,86.31339,3572.68115,2460.18799,857.35059,186.01076,1544.03687,245.45876,4241.08,TRUE
0,3,40.98,1.2,6571.539,89.44272,2269.058,1264.802,798.8273,40.31129,734.2003,261.725,2037.58,TRUE
7,3,37.6,23.24,8565.28125,22.36068,3032.65552,1502.10681,1375,319.45267,2007.6416,172.04651,5438.83,FALSE
4,4,47.9,31.24,3490,35,4048.336,1900.217,983.4887,385.7784,1446.453,517.2282,4488.52,FALSE
1,4,120.7,17.32,3790.162,25,3573.084,2375.526,1205.093,302.3243,1105.181,55,5799.5,FALSE
2,5,125,13.84,6254.81592,136.565,2117.5752,1585.47314,1131.86792,265.7066,401.6217,228.96506,6360,FALSE
0,3,44.06,5,1756.659,322.8003,4481.677,2648.556,125.2996,714.1779,2126.646,329.7347,4664.09,FALSE
1,3,54.74,6.8,7915.722,406.9705,2230.387,1643.046,1326.848,443.4242,1304.655,70.71068,4384.36,TRUE
1,2,35.7,7.28,12324.64,474.6051,6298.317,4762.877,216.9101,140,612.8825,403.1129,7002.8,FALSE
2,3,43.6,18.28,3511.57,143.0035,2873.125,2600.663,532.5646,159.7655,1261.428,813.895,5160.55,FALSE
3,3,47.7,26.56,5280.637,154.3535,2876.217,495.8074,406.9705,226.2742,480.7546,708.696,6184.49,FALSE
4,3,63.39,8.12,4262.866,73.82411,1999.812,2878.55,1917.948,107.0047,460.6788,121.6552,3786.09,TRUE
1,2,27.34,29.6,3882.119,125.1,4160.589,1890.569,1494.005,772.1722,1228.739,273.3587,5449.89,FALSE
1,1,42.2,11.32,6729.779,102.5914,1784.405,1556.478,1035.302,250.4496,309.5561,268.7936,5476.3,TRUE
2,1,32.2,1.16,5700.548,102.9563,503.4382,1870.167,2964.646,265.0472,772.1722,290.1724,6987.58,TRUE
3,3,47.6,5.32,11233.24,268.0019,5059.852,4952.353,355,1850,2820.151,407.4616,5651.26,FALSE
4,3,55.4,12.4,6716.1167,96.17692,2563.55713,1000.16248,600.33325,18.02776,984.12396,550.6814,3971.12,TRUE
3,3,65.2,1.08,10505.1,105.119,4390.23,4161.926,649.8654,1478.005,2404.163,811.4493,7500,FALSE
6,3,40.3,16,5927.618,150.333,757.2483,1080.289,2488.785,65,947.6286,221.4159,7196.03,FALSE
1,3,35.2,25.08,4455.213,348.2815,2924.145,1391.627,1151.141,663.8712,961.8732,68.00735,6534.09,FALSE
13,2,32,9.28,9891.9,293.4706,3735.084,3392.23,1249.73,570,2311.39,145,6093.75,FALSE
0,3,45.5,11,4564,440.1136,4675.502,1261.715,623.077,367.049,2280.932,288.4441,5450.55,FALSE
2,2,36.74,18.36,1237.942,22.36068,5018.895,2251.005,217.3131,942.4039,2316.749,181.7278,4436.58,FALSE
3,3,48.6,7.92,8695.013,126.5899,2807.103,2302.396,892.4405,454.0099,707.9901,487.468,6995.88,FALSE
3,3,59.1,14.36,4792.24658,100,1421.90894,2330.77246,2185.24609,11.18034,903.39636,703.58014,2459.68,TRUE
4,4,46.2,19.16,7694.154,65.76473,1856.071,1932.058,1544.943,140.8013,1123.488,340.5877,4805.19,FALSE
3,2,61.84,10.84,6424.494,116.297,1840.632,1643.73,1138.607,20.61553,427.5512,35.35534,3880.98,TRUE
1,3,37.47,13.96,6203.896,230.0543,3950.535,1699.448,1178.855,1022.509,1170.908,240.2603,5337.6,FALSE
1,2,38.31,0,5550.165,130,683.1179,1644.118,2714.171,182.0027,963.8076,161.2451,6444.58,FALSE
2,2,26.09,17.32,6245.674,366.6743,3820.995,1592.082,1319.744,891.0668,1156.168,290.3877,5921.81,FALSE
2,4,59.62,7.68,2637.067,54.08327,3682.679,2970.875,859.8401,109.6586,1404.039,604.0281,4696.41,FALSE
2,2,43.91,0.84,6359.324,82.76472,2088.57,1522.079,1051.725,200.8108,486.621,146.3728,3552.72,TRUE
2,4,90.33,5.8,6498.692,108.1665,2173.81,1372.17,898.3596,85,638.3768,190.3943,3542.57,TRUE
1,4,62.8,0.6,11274.77246,160.70158,5594.2334,3521.00122,941.51471,915.76471,1136.10083,141.15594,7085.99,FALSE
2,2,41.4,0.28,6375.033,43.01163,2301.098,1393.718,965.9451,246.9818,591.0372,355.1408,5603.86,FALSE
4,5,73.9,0.48,6813.833,130.3841,5757.309,675.2962,251.0976,793.8829,2863.237,337.3426,3991.88,FALSE
0,3,52.2,15.16,6830,176.7767,3336.802,807.0006,678.3251,42.42641,1588.372,455.0275,4214.56,TRUE
3,1,51.3,9.16,6285.06348,288.48743,1363.41479,2089.5752,1571.36877,101.24229,149.83324,498.12146,3313.84,TRUE
2,1,37.2,8.96,10869.26,435.0288,4709.652,4575.251,421.5744,1719.608,2784.044,772.1722,5645.16,TRUE
4,3,66.38,0,4440.048,288.4874,2408.402,3379.8,2032.953,195.5761,1180.72,70,3299.19,TRUE
4,3,61.5,7.48,4202.67188,96.04687,2892.30884,3056.18237,1672.85681,67.26812,931.58466,337.08307,1407.12,TRUE
2,3,53.49,10.84,4050.802,70.71068,2924.355,3034.246,1552.047,85.14693,1107,160.0781,2333.15,TRUE
1,2,60.8,1.92,12062.71,706.1339,5973.349,4779.051,155,470.2393,981.644,715.2797,5509.87,FALSE
0,2,55.3,1.04,5335.583,222.7667,2793,462.3851,476.7075,226.2742,398.5285,791.1542,8589.51,FALSE
1,2,37.2,0.48,4044.90112,120.10412,5637.41504,1125.71094,901.47101,109.65856,2299.35327,657.30511,5645.16,FALSE
2,3,38,19.96,8392.401,92.19544,2879.592,1419.903,1316.757,175,1832.901,329.0137,4842.11,FALSE
3,5,94.83,0.8,12845.08,81.3941,6661.181,4728.345,33.54102,1255.518,1685.764,1485.345,6954.02,FALSE
5,4,62.7,3.76,11688.48,817.0833,5750.941,4184.047,688.8396,145,745,209.8809,4704.94,TRUE
3,3,56.68,9.68,4991.242,431.8854,2453.263,2702.601,2342.136,464.0043,645,91.92388,4040.23,TRUE
2,4,71.42,22.52,5230.26758,348.60437,2326.20947,2486.00073,2110.69897,301.86917,552.31329,322.37399,4340.52,FALSE
5,3,48.1,1.08,11309.66,289.3527,5526.294,3665.849,1095.502,637.8872,1041.393,227.2664,6860.71,FALSE
0,1,28.61,0.04,4198.8,100.4988,11353.16,3087.479,85.14693,6933.866,7446.409,1019.031,4496.5,TRUE
4,3,56.21,20.56,2149.517,91.24144,4114.517,2771.507,403.1129,481.2744,1773.711,311.8493,3380.18,TRUE
3,5,73.1,14.48,10836.8,429.2144,4734.66,3846.979,562.0721,340,1878.829,450,4172.37,FALSE
2,2,52.4,0.52,8709.227,144.222,2847.077,2305.439,832.301,513.0789,753.077,543.7371,7041.98,FALSE
4,1,32.2,0.28,6375.033,43.01163,2301.098,1393.718,965.9451,246.9818,591.0372,355.1408,6521.74,TRUE
1,2,35.4,19.96,4371.54736,170.88008,2802.12866,3153.4624,1833.28259,93.94147,802.76086,470,6214.69,FALSE
5,3,48.8,1.64,3063.634,43.01163,3978.897,2722.738,207.9663,134.3503,2356.884,186.8154,4713.11,FALSE
2,5,75.9,3.72,5122.688,201.5564,4119.836,663.4945,220.2272,669.7947,1734.827,336.8234,4150.2,FALSE
6,1,25.2,1.6,5709.588,93.94147,495.202,1875.06,2967.09,255.196,762.9712,285,7460.32,TRUE
3,3,37.6,17.16,4015.084,105.9481,2500.705,2059.429,951.3149,169.1892,1421.979,403.2679,5771.28,FALSE
1,4,73.6,0,5241.138,279.732,2718.842,581.2272,590.7622,82.0061,329.7347,680.6247,6657.61,FALSE
1,3,40.5,6.88,6293.92188,41.23106,2583.61182,1353.66174,1026.02393,180.27756,745.06714,215.05814,7442.67,FALSE
8,4,62.7,3.48,12336.47,386.2642,6569.205,4489.928,142.1267,728.3543,295,93.94147,4146.73,TRUE
7,1,28.3,13.64,4365.25195,190.39433,5130.80176,1585.82788,789.00256,39.05125,1751.01404,113.13708,5689.05,TRUE
3,4,62.55,14,8052.385,120.4159,2143.105,2013.064,1698.19,125,1478.893,255,4636.29,FALSE
2,1,32.7,1.6,5709.588,93.94147,495.202,1875.06,2967.09,255.196,762.9712,285,8000,TRUE
1,3,46.9,15.12,3967.17773,364.72592,11002.00098,3466.90796,130,6555.07812,7023.1084,597.85034,2985.07,TRUE
1,2,38.9,0.48,12098.12,744.1102,6040.149,4738.254,109.6586,314.0064,820.64,609.0156,7069.41,FALSE
4,3,38.1,17.6,5091.702,269.0725,2646.474,2543.959,2224.41,225,413.5517,197.8004,7874.02,FALSE
0,4,46.66,8.16,4200.268,29.15476,2450.25,3565.589,1911.603,503.0159,1226.54,281.5138,4543.51,FALSE
3,3,74.9,3.44,4662.09473,69.46222,2177.34937,3225.87207,2277.90479,187.21645,1144.43213,130.38405,3204.27,TRUE
4,3,68.7,11.16,5002.60205,414.36697,2435.67749,2695.94604,2332.83618,457.62976,660,109.65856,2911.21,TRUE
3,3,37.47,25.8,5582.437,205,4160.12,2365.761,775,735.612,876.6413,83.81527,4697.09,FALSE
2,1,19.2,1.4,6455.958,106.066,1302.085,2063.032,1541.858,78.26238,15,451.7743,8072.92,TRUE
2,3,44.1,5.16,1944.074,31.62278,4377.308,2409.424,589.6185,236.0085,2067.565,80,4195.01,FALSE
4,3,43.1,15.64,6116.2998,111.01801,4107.61475,1862.80701,986.01471,1212.12622,1180.67773,253.87004,1647.33,TRUE
1,3,37.5,37.6,4306.9624,270.6012,3221.50977,2776.80127,1721.22778,129.71121,601.10315,281.51376,5466.67,FALSE
4,4,66.3,6.68,11964.71,624.3397,6170.656,4221.67,530.1179,615,418.2404,110,3544.49,TRUE
1,4,60.8,8.6,4765.22,25.4951,2026.253,3190.251,2414.788,240.0521,1092.623,253.87,4440.79,FALSE
2,4,60.75,5.96,5502.62,405.6168,2291.997,423.4678,966.0875,163.4778,57.00877,833.1417,6263.37,FALSE
3,3,44.1,8.6,4765.22,25.4951,2026.253,3190.251,2414.788,240.0521,1092.623,253.87,3356.01,TRUE
3,3,49.55,1.64,4720.76514,25,2099.44043,3199.32031,2351.30811,206.70027,1108.38843,193.13208,4641.78,FALSE
2,3,54.11,0,6111.66504,85.44004,567.64868,1216.93262,2668.52026,241.86774,725.43091,396.54761,4065.79,TRUE
5,2,42.87,0,5604.518,88.45903,611.3101,1701.624,2793.944,224.6108,892.3704,251.0976,5657.1,FALSE
0,4,55.7,16.8,1270.059,120.9339,5011.439,2131.771,336.0059,846.4633,2264.972,169.1892,4308.8,FALSE
2,2,34.3,1.84,4904.042,371.6517,2371.919,2829.178,2387.572,300,780.2083,198.1161,4000,TRUE
1,3,38,19.28,4320.446,226.3846,2539.39,3417.602,1897.894,195.2562,1167.647,180.2776,5526.32,FALSE
3,3,52.4,2.64,11140.36,126.4911,5410.16,3464.578,1143.077,799.2027,1224.602,40,4389.31,FALSE
4,4,52.68,16,7894.449,293.6409,2120.312,1785.847,1451.215,330.4921,1290.591,76.32169,4460.9,FALSE
1,3,41.25,1.2,6571.539,89.44272,2269.058,1264.802,798.8273,40.31129,734.2003,261.725,3818.18,TRUE
2,2,32.7,18.28,3511.57,143.0035,2873.125,2600.663,532.5646,159.7655,1261.428,813.895,4281.35,TRUE
1,3,51.1,0.16,8755.08,69.64194,2858.549,2362.118,881.7171,479.2703,756.7199,521.5362,5225.05,FALSE
2,2,61.69,11.56,3181.14771,192.09373,3044.0105,3566.09033,1167.26172,265.75363,690.79663,368.40875,3890.42,TRUE
4,4,105.51,7.16,6643.766,47.16991,1592.482,1749.636,1228.515,206.1553,116.297,264.1969,3601.55,TRUE
2,3,51.33,0.24,5477.785,331.4363,969.4586,1261.002,2489.95,156.5248,1225.367,162.7882,7071.89,FALSE
4,3,37.6,22.36,4209.472,221.4159,2356.295,1860.41,1141.863,151.8223,1499.041,205,5585.11,FALSE
3,1,24,13.88,6558.33057,136.01471,2421.86401,1189.84241,768.19592,96.56604,793.88287,421.07007,5600,TRUE
11,4,79.1,6.72,2960.95,154.0292,4231.729,2790.564,145.7738,354.4009,2495.846,445.7017,3919.09,FALSE
2,2,32.1,19.28,10174.22,154.0292,4255.919,2979.345,1421.979,325,2235.364,788.2417,7788.16,FALSE
3,3,37.1,14.08,6200.59863,70.17834,4108.67969,1785.3291,1039.00195,1154.20972,1245.09033,304.13812,4851.75,FALSE
2,2,28.5,1.4,12149.09,763.9699,6076.455,4811.616,60,374.7666,867.3091,653.9113,6245.61,FALSE
1,3,46.6,10.52,6770,180.3469,3137.555,831.8203,679.2827,109.6586,1405.214,646.9351,4313.3,TRUE
1,5,120.96,5.32,4607.02979,160.07811,2579.32642,3093.73975,2085.52759,145.34442,778.20306,272.80945,5373.68,FALSE
4,2,29.21,1.2,6571.539,89.44272,2269.058,1264.802,798.8273,40.31129,734.2003,261.725,6675.8,FALSE
3,3,60.1,2.56,3924.207,77.78175,2374.974,3232.785,1827.902,130.3841,448.6925,232.4328,2579.03,TRUE
1,2,34.4,6.88,3495,116.7262,3924.041,2027.856,939.8537,293.4706,1413.515,396.0113,5523.26,FALSE
3,3,51.1,22.04,5151.07031,156.92355,3749.04321,2564.61011,1301.39343,199.24858,320.62439,544.54108,5068.49,FALSE
6,2,34.4,0,5397.224,489.3363,2509.442,476.7075,759.6052,119.2686,114.1271,807.4187,8720.93,FALSE
4,4,65.2,10.44,5405.451,250.7987,928.4934,1441.605,2480.247,18.02776,1200.094,65,5291.41,FALSE
2,1,37.03,0.52,4756.903,371.6517,3015.336,1023.181,725.4309,251.0478,761.3967,304.1381,5941.13,TRUE
2,1,31.9,6.76,11390.52637,159.13831,5783.95215,3514.34204,736.8175,1106.13062,1125,150,7523.51,TRUE
1,2,43.52,3.32,10206.42,620.8462,5665.062,1793.774,619.8387,2482.952,2970.711,1046.757,5261.95,FALSE
2,4,62.9,4.68,3821.99219,384.22,10759.41406,3699.625,237.69728,6288.18945,6697.1582,272.94687,4689.98,FALSE
3,2,54.54,0,4272.2417,95.52486,5992.59961,1333.3136,547.76819,134.16408,2596.13647,957.40533,7169.05,FALSE
3,5,100.42,0,6576.519,85,2270.595,1260.516,794.0403,35.35534,739.0027,262.3452,3186.62,TRUE
0,3,50.92,6.6,6568.12,157.0032,1171.836,2151.238,1632.376,22.36068,200.5617,426.1748,6323.64,FALSE
9,3,45.5,7.52,5125.966,161.2451,3361.525,614.5934,170.0735,286.2254,965.984,462.2229,3186.81,TRUE
0,3,55.69,16.36,4008.054,115.434,2937.197,3027.809,1519.087,128.0625,1155.043,113.1371,4489.14,FALSE
3,5,56.1,16.8,3455,71.5891,4080.885,1868.027,957.5489,366.2308,1483.821,514.2957,4634.58,FALSE
8,5,84.9,18.52,3338.956,213.7756,3793.208,2444.473,483.3218,80.62257,2087.163,111.8034,3298,TRUE
8,4,57,8.56,4315.194,223.2151,2518.536,3441.82,1906.443,229.0197,1202.341,159.1383,4736.84,FALSE
0,5,61.2,40.84,4102.591,143.2655,2639.721,1891.362,1070.187,196.0867,1446.383,125,3267.97,TRUE
1,2,24.18,0,6493.84717,68.00735,1900.65784,1560.2323,1053.94495,18.02776,460.02716,68.00735,3500,TRUE
4,4,47.6,19.52,8459.972,317.5689,2423.206,2335.68,2082.168,120,1797.776,393.2239,5882.35,FALSE
4,1,33.5,2.8,3482.09717,75,3462.80591,2566.40796,953.95233,145.7738,1498.04041,355.14081,5373.13,TRUE
0,2,62.8,8.12,4657.899,535.0934,4629.303,1167.262,536.6563,431.3351,2233.478,246.6779,3582.8,TRUE
1,3,63.9,0,6487.03516,90.55385,1873.79956,1583.82446,1076.16211,18.02776,435.25854,71.06335,1845.07,TRUE
1,1,28.9,6.52,6573.49609,50.9902,1382.54297,1956.08032,1435.3136,181.2457,29.15476,325.03845,6453.29,TRUE
1,5,109.9,7.56,4657.899,71.5891,2176.235,3232.244,2276.071,194.1649,1150.272,125.8968,3275.71,TRUE
2,3,44.3,8.36,1923.519,25,4397.692,2394.535,581.0551,244.5915,2087.223,100,4108.35,FALSE
3,2,48.7,0.72,4072.36108,138.29317,5642.56152,1150.27173,872.35315,80.62257,2297.85229,668.30011,6386.04,FALSE
0,3,74.54,4.44,5521.062,240.8319,2049.597,2294.613,1872.926,136.565,226.3846,652.3228,6020.93,FALSE
2,1,31.8,0.64,10914,473.8143,4745.872,4635.968,447.7723,1744.427,2836.428,725,5628.93,TRUE
3,1,31.7,7.72,12317.42,522.4222,6279.739,4786.588,165.5294,190.0658,664.906,454.6702,5993.69,TRUE
4,2,38.29,1.04,10485.46,183.9837,4405.011,4110.879,662.2877,1542.806,2386.891,876.8124,5745.63,FALSE
2,3,52.36,1.48,4122.054,114.0175,3038.955,2909.682,1568.2,131.244,915.9967,374.7666,4889.23,FALSE
3,3,44.6,12.92,3319.05493,85,3652.96118,2399.27075,767.21899,215.92822,1620.90247,182.00275,5400,FALSE
3,2,26,3.2,5640.182,40.31129,585.4913,1659.345,2812.406,178.4657,866.3862,240.5203,1846.15,TRUE
4,1,24.48,0,5641.707,25,639.0618,1521.455,2760.548,49.24429,913.4687,155.2417,5718.95,TRUE
1,4,99,19.28,6138.577,447.3533,1424.588,2131.906,1621.003,70,306.635,488.083,6000,FALSE
0,4,47.2,27.96,4183.972,40,2938.197,1710.592,1239.728,713.1795,1234.544,348.6044,4872.88,FALSE
4,4,89.76,3.88,6654.416,53.85165,1592.27,1747.069,1226.02,217.3131,116.619,253.0316,4010.7,TRUE
4,4,52.8,16.96,9865.153,333.2041,3720.336,3321.991,1293.145,495,2336.819,70,5303.03,FALSE
3,3,32.7,18.84,1821.572,100.1249,4497.744,2325.726,543.5302,306.4719,2183.231,200,4434.25,FALSE
1,2,26.2,2.96,4727.309,31.62278,2088.403,3198.175,2360.704,212.1909,1106.029,201.5564,4961.83,FALSE
1,5,99.08,24.12,5220,30.41381,3474.8562,2427.9209,1538.64392,174.64249,81.3941,647.24414,6055.71,FALSE
3,5,101.27,1.2,6571.539,89.44272,2269.058,1264.802,798.8273,40.31129,734.2003,261.725,3159.87,TRUE
0,2,33.8,11.96,7263.148,65,2168.807,826.5137,1704.655,185.809,1282.673,350.0357,3254.44,TRUE
1,3,90.9,27.44,7713.697,264.0076,2033.249,1678.288,1306.312,328.8237,1104.219,120.4159,3850.39,TRUE
4,2,36.9,17.56,4265.99658,188.2153,2500.5,3474.62231,1894.46558,325,1297.99841,174.64249,5176.15,FALSE
1,3,37.5,3.36,5564.209,90.13878,3765.425,2198.05,1170.043,607.3096,555.0901,174.1407,6000,FALSE
2,3,50.94,9.92,5671.766,49.49747,646.2391,1454.957,2767.399,15,914.1663,171.1724,3690.62,TRUE
2,4,53,17.44,9954.839,446.878,3757.047,3748.163,986.9271,729.9658,2126.088,228.9651,5377.36,FALSE
0,3,55.7,10.32,11833.92188,168.07736,5642.98242,5407.26367,314.68237,1819.51233,2442.89282,266.31747,4802.51,FALSE
0,3,40.98,1.2,6571.539,89.44272,2269.058,1264.802,798.8273,40.31129,734.2003,261.725,2037.58,TRUE
2,3,47.65,10.04,8829.928,212.8967,3011.885,2406.875,685.073,677.0894,923.1061,713.3372,5435.47,FALSE
2,3,33.08,3.68,10070,372.1559,5405.999,1713.25,820,2211.99,3118.734,883.544,6499.4,FALSE
1,3,49,0,3913.518,143.2655,2719.347,3353.181,1635.122,245.4588,1239.456,352.2783,6530.61,FALSE
3,3,58.8,1.48,12171.41,661.3811,6122.118,4783.579,82.46211,263.8655,755.0165,541.6872,6037.41,FALSE
1,3,44.6,8.36,1923.519,25,4397.692,2394.535,581.0551,244.5915,2087.223,100,4260.09,FALSE
2,1,38.3,0,11778.57,158.1139,7011.364,2839.798,252.6856,3030.697,1400.893,1520.008,5522.19,TRUE
0,2,26.4,3.88,6654.416,53.85165,1592.27,1747.069,1226.02,217.3131,116.619,253.0316,4734.85,TRUE
9,4,62.7,1.6,12224.04,395.3796,6468.466,4380.074,223.8861,750,340.0368,122.9837,4354.07,TRUE
2,1,36.4,8.6,3789.419,275.1363,3512.239,1989.196,936.9232,403.0509,1650.273,449.0267,5934.07,TRUE
1,2,44.33,0,11354.5957,239.42639,5165.12354,5055.41797,160,1683.59729,2596.58423,364.58881,6361.38,FALSE
3,4,102.8,1.88,6222.18,327.5668,1538.002,1990.986,1481.098,65.19202,287.4457,348.1738,3404.67,TRUE
4,3,44.2,5.16,1944.074,31.62278,4377.308,2409.424,589.6185,236.0085,2067.565,80,4321.27,FALSE
1,4,78.6,6.52,5222.138,25.4951,1051.309,2313.207,2655.245,60,1286.934,352.2783,4949.11,FALSE
5,3,46.8,17.04,9468.56,519.3506,3374.27,2906.514,1660.369,230,2205.023,351.0698,4700.85,FALSE
4,3,81.4,7.48,4202.67188,96.04687,2892.30884,3056.18237,1672.85681,67.26812,931.58466,337.08307,1317.96,TRUE
2,4,61.8,6.88,3894.66626,42.72002,2384.0354,3198.0188,1753.85291,54.08327,375.93219,260.19223,4530.74,FALSE
2,4,63.6,28.32,12164.83,365.2739,6425.154,4309.768,263.8655,795,401.1546,174.9286,5031.45,FALSE
3,4,85.87,0,5580.882,120.2082,630.1785,1728.381,2781.6,254.6075,910.8787,261.7728,5356.93,FALSE
11,5,63.5,22.64,3775.82446,116.29704,5300.41748,1049.40454,1032.00049,522.01532,2078.94214,322.21887,3779.53,TRUE
1,1,34.46,4.8,4821.001,354.1892,2922.075,977.8165,731.454,232.0022,670.4103,300.5412,7196.75,TRUE
1,3,80.99,11.28,4818.724,76.15773,1409.761,2390.084,2248.755,72.11102,933.0193,680.1654,2531.18,TRUE
4,1,41.1,0.28,6380.416,36.05551,2297.324,1391.294,961.7692,240.5203,592.9797,350.3213,4866.18,TRUE
0,4,69.34,0.28,3438.212,90.13878,6318.089,574.3257,472.0169,527.731,3075,1330.056,5047.59,FALSE
0,2,38.6,12.96,6933.19,115.1086,1815.448,1499.141,984.8858,458.939,402.6475,207.1835,1813.47,TRUE
4,3,51.98,0,6775.819,101.2423,924.6892,1082.405,2594.499,186.6815,830.2409,219.1461,6925.74,FALSE
1,3,44.9,0.64,3480.104,127.4755,5789.201,577.6028,548.1788,641.4047,2598.677,841.7244,6080.18,FALSE
1,3,80.55,100,7220.5,133.4166,7615.911,261.7728,96.04687,2599.356,1059.021,1500.833,4078.21,TRUE
1,3,51,0.6,11663.45801,215.05814,5475.37207,5305.22852,317.52954,1799.34705,2525.53467,190,5294.12,FALSE
1,4,53,19.16,3408.37207,230.48862,5144.4751,957.82306,1022.41138,973.66577,2118.40747,564.35803,5358.49,FALSE
7,1,28.2,13.64,4365.25195,190.39433,5130.80176,1585.82788,789.00256,39.05125,1751.01404,113.13708,5000,TRUE
3,3,60.9,6.84,6339.647,315.0397,426.6439,1350.343,2880.226,245.204,489.949,243.0021,5687.19,FALSE
1,3,59.41,2.36,6378.229,118.5327,6070.966,161.0124,50,1294.537,2560.488,534.6027,4107.05,TRUE
4,2,30.9,11.84,3305.77148,229.8369,5074.64795,964.80566,1089.151,926.74158,2127.06958,628.35101,4530.74,TRUE
2,5,100.42,1.2,6571.539,89.44272,2269.058,1264.802,798.8273,40.31129,734.2003,261.725,3754.23,TRUE
0,3,50.92,9.64,6568.891,161.9413,1167.401,2155.284,1636.498,18.02776,205.548,428.7773,6323.64,FALSE
1,2,38.6,4.12,5081.594,100.4988,1135.275,2188.201,2444.918,53.15073,1192.749,532.5646,5051.81,FALSE
4,3,39.9,24.68,6855.00732,98.48858,3126.08789,745.151,586.6217,25,1435.5835,685.65662,4511.28,TRUE
4,3,31.72,1.2,6571.539,89.44272,2269.058,1264.802,798.8273,40.31129,734.2003,261.725,4728.88,TRUE
2,3,49.1,12.88,3956.28931,496.61353,10912.64648,3680.92725,120.83046,6443.14551,6829.21826,403.29889,4073.32,FALSE
3,3,44,1.2,6967.848,85.14693,1935.058,1379.828,864.523,465.2419,504.0089,325,7954.55,FALSE
2,4,65.94,100,7220.5,133.4166,7615.911,261.7728,96.04687,2599.356,1059.021,1500.833,5004.55,FALSE
1,2,33.2,21.72,4384.955,169.1892,2375.395,3475.809,2024.846,317.5689,1301.768,65,5481.93,FALSE
7,2,26.4,28.04,7681.959,90,4707.707,684.4158,283.6371,1365.156,2660.117,967.9101,2462.12,TRUE
3,4,55.7,3.6,11512.64551,248.24384,5889.14258,3631.59741,635.60992,1070,1012.13885,257.00195,6104.13,FALSE
5,2,32.1,3.08,3770.332,89.44272,2563.006,3436.859,1819.945,68.00735,590,414.8494,6386.29,FALSE
4,3,33.39,2.6,1863.498,82.0061,4448.354,2382.236,522.8049,307.6118,2130.317,165,5031.45,FALSE
6,1,25.2,1.6,5709.588,93.94147,495.202,1875.06,2967.09,255.196,762.9712,285,7460.32,TRUE
2,2,66.1,5.16,10112.29,660,5621.221,1692.491,586.6217,2503.438,3065.065,1122.698,5658.09,FALSE
1,4,65.9,15.56,3756.97,125,2486.202,3182.86,1552.103,130.3841,247.3863,186.6815,5386.95,FALSE
1,2,27.3,11.64,5062.37354,139.46326,1148.43372,2161.90308,2412.01685,11.18034,1174.77661,565.26544,7142.86,FALSE
2,2,29.3,3.16,4174.12256,55.9017,2113.35034,3017.35815,1930.05835,154.43445,470.55817,25,6000,FALSE
3,4,47.2,27.16,4600.72,325.346,2250.555,1402.578,1554.26,94.86833,1025.524,317.8443,5614.41,FALSE
1,4,61.97,4.8,11185.03,194.4865,6371.35,2784.107,828.6887,2776.013,2001.05,971.558,7100.21,FALSE
6,2,42.4,0,5467.918,493.8117,2486.544,409.2065,770.0162,183.5756,110,869.0368,7040.09,FALSE
2,3,44.78,2.6,1863.498,82.0061,4448.354,2382.236,522.8049,307.6118,2130.317,165,4912.91,FALSE
4,3,31.72,0,6576.519,85,2270.595,1260.516,794.0403,35.35534,739.0027,262.3452,4728.88,TRUE
2,2,48.7,0.48,4044.90112,120.10412,5637.41504,1125.71094,901.47101,109.65856,2299.35327,657.30511,5852.16,FALSE
3,2,46.64,4.36,4792.247,340.0368,2998.033,988.863,700,220.2272,730.7701,325.9601,6968.27,FALSE
4,3,48.67,12.2,3339.768,458.0393,3521.807,2544.489,392.2372,337.6759,2082.168,82.0061,3903.84,TRUE
1,3,48.93,4.88,6336.145,98.99495,2168.277,1493.896,1040.637,245.204,493.4065,232.6478,4291.85,TRUE
0,3,53.1,6.68,11964.71,624.3397,6170.656,4221.67,530.1179,615,418.2404,110,4482.11,TRUE
2,4,63.9,1.2,3383.656,311.2073,3633.652,2440.395,506.5817,205.7304,2029.409,47.43417,4694.84,FALSE
2,2,26.58,26.32,5603.912,234.3608,4058.337,2294.559,875.5142,729.1948,802.6207,150,4514.67,TRUE
2,3,48.91,8.16,4200.268,29.15476,2450.25,3565.589,1911.603,503.0159,1226.54,281.5138,4906.97,FALSE
4,2,29.21,1.2,6571.539,89.44272,2269.058,1264.802,798.8273,40.31129,734.2003,261.725,6675.8,FALSE
2,4,101.27,1.2,6571.539,89.44272,2269.058,1264.802,798.8273,40.31129,734.2003,261.725,2863.63,TRUE
2,3,53.1,15.72,8346.137,395.506,3278.433,892.2023,735,706.5762,2016.99,299.0819,4274.95,TRUE
5,3,48.8,6.72,2960.95,154.0292,4231.729,2790.564,145.7738,354.4009,2495.846,445.7017,4569.67,FALSE
4,3,33.39,2.6,1863.498,82.0061,4448.354,2382.236,522.8049,307.6118,2130.317,165,5031.45,FALSE
2,2,51.83,0,5550.165,130,683.1179,1644.118,2714.171,182.0027,963.8076,161.2451,4437.58,TRUE
0,4,46.66,8.16,4200.268,29.15476,2450.25,3565.589,1911.603,503.0159,1226.54,281.5138,4543.51,FALSE
1,5,146.6,3.68,5084.294,227.706,2249.005,2675.804,2283.49,352.2783,664.1724,260.7681,4866.54,FALSE
1,3,50.9,4.56,5354.718,345,2663.611,476.2877,607.5566,159.1383,268.3282,789.0026,7426.33,FALSE
4,1,41.1,0.28,6375.033,43.01163,2301.098,1393.718,965.9451,246.9818,591.0372,355.1408,4866.18,TRUE
1,4,67.4,3.36,2635.318,78.26238,3672.006,3002.482,824.1511,156.9236,1381.023,611.9232,5267.06,FALSE
2,3,64.6,10.76,6204.567,94.33981,2114.356,1627.859,1178.813,252.8339,356.5459,262.4881,4953.56,FALSE
3,3,44.2,29.68,1665.42041,160,4662.30908,2185.29736,561.8941,410,2348.771,322.21887,4638.01,FALSE
7,4,51.9,21.76,8093.246,140.8013,2209.779,1963.517,1662.596,180.6239,1506.892,206.1553,4585.74,FALSE
2,2,30.3,11.04,8129.614,42.42641,3202.952,1784.741,918.7083,1263.022,1649.735,170.8801,2920.79,TRUE
2,2,26.4,37.88,5795.239,330.4921,3940.457,2066.712,1011.496,878.4219,841.7244,30.41381,5681.82,FALSE
6,3,48.8,10.88,10814.49,425,4907.955,3426.543,1063.073,375,1578.647,595,4303.28,TRUE
1,3,46.5,18.84,5860.795,49.49747,2450.005,1803.781,1456.039,360,479.5049,381.8377,4752.69,FALSE
1,2,32.8,6.56,4550.93945,200,2305.02173,3293.87695,2148.98242,176.13914,1181.96875,53.15073,5457.32,FALSE
2,5,127.73,0,5964.53662,152.06906,606.32086,1222.95752,2640.69116,95.13148,807.21747,299.04013,6300,FALSE
9,3,48.8,4.56,4978.084,168.003,3993.708,840.7883,292.3183,447.493,1598.945,318.0016,4487.7,TRUE
2,3,50.75,0,11679.53809,203.59273,5494.08789,5342.43848,356.72119,1840.44836,2557.71875,150.08331,5615.76,FALSE
1,4,62.78,8.84,4235.623,20,2421.843,3586.604,1942.247,486.7494,1236.709,250.7987,3185.73,TRUE
5,5,66.7,25.12,3616.808,215.0581,5169.828,1048.058,1051.059,743.4548,2037.413,365.137,3898.05,TRUE
4,4,44.73,12.2,5748.63672,275.18176,3751.20312,2024.08008,1191.07092,778.33154,694.78412,105.11898,4918.4,FALSE
1,5,61.2,14.92,4354.219,335.5965,3062.434,1463.216,1166.748,699.0887,1075.047,184.3909,5596.41,FALSE
0,4,70.36,0.36,8804.118,148.6607,2957.114,2390.131,755.4138,606.3209,862.6993,644.4571,5258.67,FALSE
0,3,43.8,8.36,1923.519,25,4397.692,2394.535,581.0551,244.5915,2087.223,100,4223.74,FALSE
2,2,50.3,8.28,3380,100.4988,3950.449,2016.395,815.1227,169.8529,1521.455,284.6928,6958.25,FALSE
3,2,32.2,0,5274.135,306.4719,2692.903,552.8562,603.5106,98.61542,300,710.0176,8229.81,FALSE
3,3,49.9,16.12,3462.243,347.3111,3752.612,2310.07,623.879,156.5248,1975,238.7991,5090.18,FALSE
3,3,42.32,1.2,6571.539,89.44272,2269.058,1264.802,798.8273,40.31129,734.2003,261.725,3544.42,TRUE
0,2,34.3,11.72,6175.34,62.64982,2395.798,1524.27,1145.098,381.084,531.0602,345,4897.96,TRUE
1,3,46.19,32.32,5107.35254,257.39075,3945.96631,2675.89233,1142.36597,213.6001,510.61237,432.78171,5412.43,FALSE
8,4,63.8,4.04,3246.078,304.3846,4045.198,2503.438,390.032,127.4755,2225.062,258.1182,3965.52,FALSE
0,2,26.4,7.16,6643.766,47.16991,1592.482,1749.636,1228.515,206.1553,116.297,264.1969,4734.85,TRUE
3,4,47.3,22.36,9663.379,186.8154,3521.793,3412.276,175.0714,657.0007,1585.031,159.1383,4746.3,FALSE
3,3,52,11.36,4422.59,166.4332,2337.44,3448.569,2065.097,313.4087,1303.63,42.42641,2307.69,TRUE
7,4,48.2,21.2,5630.888,155.3222,3791.101,2148.534,1142.464,678.8409,622.6155,106.3015,6203.32,FALSE
3,1,33.8,0.28,6375.033,43.01163,2301.098,1393.718,965.9451,246.9818,591.0372,355.1408,6360.95,TRUE
3,3,48.8,4.6,6794.63184,203.96078,1467.27637,1847.30212,1332.76025,216.44861,194.4865,109.20164,5266.39,FALSE
0,1,48.7,5.04,3692.709,51.47815,2681.017,3589.492,1786.687,70.17834,736.3763,521.5841,4168.38,TRUE
2,3,48.8,2.72,3094.047,20.61553,3955.079,2692.717,237.0654,112.361,2326.591,159.7655,4364.75,FALSE
1,3,49.4,1.68,10918.94,467.5468,4847.293,3829.181,569.3198,205,1724.253,368.6801,4919.03,TRUE
1,3,46.8,0,5964.53662,152.06906,606.32086,1222.95752,2640.69116,95.13148,807.21747,299.04013,4871.79,FALSE
1,1,47.1,1.6,5709.588,93.94147,495.202,1875.06,2967.09,255.196,762.9712,285,8280.25,TRUE
1,2,28,0.2,11636.45,251.7936,6082.732,3653.646,444.7752,1265,1055.107,345.5792,5821.43,FALSE
4,2,36.4,19.76,4231.634,84.85281,2095.066,3076.837,2053.71,283.0194,597.5157,22.36068,5989.01,FALSE
1,3,79.5,1.48,12171.41,661.3811,6122.118,4783.579,82.46211,263.8655,755.0165,541.6872,6100.63,FALSE
4,2,25.64,4.44,5521.062,240.8319,2049.597,2294.613,1872.926,136.565,226.3846,652.3228,6500,FALSE
7,2,35.2,0.36,8349.854,225.8871,2438.247,2038.535,1793.6,160,1758.366,380.2959,7102.27,FALSE
3,3,79.2,0,6421.248,60.82763,2182.848,1421.487,960.2213,165.5294,572.8001,229.4559,5176.77,FALSE
2,3,45.5,25.6,4607.282,218.2888,4144.638,1195.68,652.4761,160.0781,1759.048,233.0772,5340.66,FALSE
2,4,47.36,4.28,8494.823,95.52486,2952.698,1489.043,1405,245.4588,1930.453,226.1084,4539.72,FALSE
0,4,62.9,31.08,4444.53,369.6282,4610.098,1355,769.3666,199.1231,2222.167,280.4015,4928.46,FALSE
0,2,44.3,2.52,3468.032,62.64982,6927.73,1115.101,629.6428,253.0316,3175.394,1541.833,6092.55,FALSE
2,3,46.5,2.28,10848.83,420.7434,4685.406,4563.751,459.0479,1690.947,2767.39,790.7275,4838.71,TRUE
1,3,37.15,1.04,4207.43408,121.65525,3169.2981,2796.97168,1625.5614,107.00467,733.65521,338.60007,6191.12,FALSE
3,4,62.9,16,4556.781,295.1694,4223.032,1235.607,720.0347,138.6542,1839.001,216.9101,4133.55,FALSE
4,2,26,29.32,5823.753,371.6181,3990.154,2066.132,969.1491,919.3612,894.4971,77.78175,6923.08,FALSE
1,3,44.3,8.36,1923.519,25,4397.692,2394.535,581.0551,244.5915,2087.223,100,4198.65,FALSE
1,5,87.8,10.28,4868.534,47.16991,1369.617,2399.088,2310.633,75,986.0274,707.2482,2619.59,TRUE
2,4,62.9,28,8929.638,169.1892,3122.251,2041.403,1825,92.19544,2320.183,318.0016,4133.55,FALSE
9,4,70.1,4.48,3138.889,315.3173,4249.791,2599.601,292.959,325,2375.973,293.4706,4365.19,FALSE
3,2,48.8,0,10860.47,437.3214,4694.3,4580.748,468.2414,1696.18,2781.623,778.5403,6454.92,FALSE
3,3,26.75,31.4,4249.344,57.00877,4366.626,1951.8,1356.328,534.4623,1133.159,152.0691,6751.4,FALSE
4,2,32.8,16.36,3496.77,152.9706,2887.823,2614.025,518.9412,145.7738,1267.922,816.2414,5594.51,FALSE
2,3,44.78,2.6,1863.498,82.0061,4448.354,2382.236,522.8049,307.6118,2130.317,165,4912.91,FALSE
2,2,40.85,0.08,11324.0918,310.84561,5130.69189,4987.83008,91.24144,1612.51355,2547.87158,431.07425,7099.14,FALSE
4,3,35.3,25.2,7621.266,101.9804,2135.773,1433.954,1050.536,136.565,1025.11,81.3941,4390.93,FALSE
3,2,46,52.96,10543.77,130.8625,4410.003,4223.307,631.0507,1467.183,2447.294,809.506,5630.43,FALSE
1,2,40.6,19.96,4371.54736,170.88008,2802.12866,3153.4624,1833.28259,93.94147,802.76086,470,4926.11,FALSE
2,3,54.87,4.28,11651,665.3007,5637.386,4278.052,576.9748,130,945.8462,348.2097,5831.97,FALSE
1,5,73.6,14.68,11959.35,439.0045,6229.53,4127.112,465.9667,810,527.0911,192.9378,4279.89,FALSE
6,3,45.5,5.32,4458.713,335.5965,4719.667,1365.284,722.9281,289.0069,2328.395,350.8917,5274.73,FALSE
4,2,41.6,2.96,4727.309,31.62278,2088.403,3198.175,2360.704,212.1909,1106.029,201.5564,3365.38,TRUE
0,3,48,17.96,8919.295,295.6772,2767.716,2773.671,818.0006,375.6661,905.2071,41.23106,7812.5,FALSE
6,3,47.8,1.08,5302.681,447.7723,2550.774,565.7296,743.9422,39.05125,167.1077,725,8577.41,FALSE
3,3,91.1,9.36,4782.31396,332.03915,2366.47412,2972.48218,2288.16528,168.00298,873.16949,117.68602,1931.94,TRUE
2,3,36.3,14.68,5529.562,290.6888,915.2595,1261.2,2517.539,161.5549,1169.541,140.89,3443.53,TRUE
3,5,100.42,1.2,6571.539,89.44272,2269.058,1264.802,798.8273,40.31129,734.2003,261.725,3186.62,TRUE
1,3,36,8.92,3655,65,3934.21216,2018.59485,1128.9375,492.06198,1279.89258,422.16702,5555.56,FALSE
5,2,68.46,0,4440.048,288.4874,2408.402,3379.8,2032.953,195.5761,1180.72,70,3067.48,TRUE
4,3,47,12.68,5738.419,253.1798,622.3544,2220.051,2655.377,261.0077,804.5496,36.40055,2978.72,TRUE
8,2,26.3,28.04,7681.959,90,4707.707,684.4158,283.6371,1365.156,2660.117,967.9101,4562.74,TRUE
1,3,54.6,5.4,3602.003,18.02776,2666.632,3392.702,1590.126,53.85165,447.3533,197.8004,3021.98,TRUE
2,3,58.59,10.44,4731.609,174.4276,3931.428,2527.301,1416.483,164.4688,565.7296,646.2198,6789.55,FALSE
1,5,118.96,0.52,6191.012,159.1383,517.8803,1255.807,2729.29,325,650.4806,325,3250,TRUE
3,3,43.8,0.88,11668.99,287.4457,6100.041,3696.755,422.019,1230,1009.071,375,6004.57,FALSE
3,4,52.91,0,11541.91016,380.78867,5342.86914,5063.16113,62.64982,1543.76978,2345.65552,436.03326,5481.01,FALSE
1,1,20.2,1.08,11545,120.41595,6521.24219,3200.25781,602.99255,2460,1710.93542,1009.26953,5099.01,TRUE
9,3,49,9.2,2045.97778,109.65856,4509.9917,3871.56616,286.35641,801.56097,2663.65356,1148.43372,4120,TRUE
9,4,66.9,5.28,9308.626,763.2169,3172.873,2965.147,1493.067,364.4859,1946.715,465.8594,4185.35,TRUE
2,3,41.25,1.2,6571.539,89.44272,2269.058,1264.802,798.8273,40.31129,734.2003,261.725,1769.7,TRUE
1,3,48.8,4.88,10857.06,582.5804,4891.301,3557.337,890.0562,190,1593.902,599.2704,4303.28,TRUE
3,2,40.78,24.56,4157.7998,85.14693,2771.30396,3186.3811,1688.37939,127.47549,1113.69885,220.90723,4328.1,FALSE
3,3,42.32,1.2,6571.539,89.44272,2269.058,1264.802,798.8273,40.31129,734.2003,261.725,5127.6,FALSE
3,3,48,13.56,4580.221,187.6832,4382.263,2145.81,1085.415,189.7367,1004.39,463.8965,5541.67,FALSE
4,1,34.52,1.2,6571.539,89.44272,2269.058,1264.802,798.8273,40.31129,734.2003,261.725,6373.12,TRUE
2,2,27.42,0.28,5689.255,5,546.1914,1626.73,2848.587,141.4214,826.1054,258.1182,3099.93,TRUE
1,2,24.2,2.96,4727.309,31.62278,2088.403,3198.175,2360.704,212.1909,1106.029,201.5564,4297.52,TRUE
2,3,67.8,5.28,2615.588,258.1182,3620.197,3247.449,623.398,513.1277,1268.316,770.795,3244.84,TRUE
11,5,73.1,10.24,11611.42,549.659,5825.363,3929.138,863.4958,625,748.0809,404.753,3146.37,TRUE
0,4,62.7,10.24,11611.42,549.659,5825.363,3929.138,863.4958,625,748.0809,404.753,4114.83,TRUE
0,2,56.9,1.4,6455.958,106.066,1302.085,2063.032,1541.858,78.26238,15,451.7743,6291.74,FALSE
2,4,80.5,9.76,6748.60742,55.22681,549.40875,1739.54016,2676.75171,186.07794,252.3886,301.03986,4099.38,TRUE
3,3,53.68,0,6515.582,97.08244,2060.491,1434.503,941.3953,36.05551,615.7313,76.32169,6333.83,FALSE
5,2,32.1,19.28,10174.22,154.0292,4255.919,2979.345,1421.979,325,2235.364,788.2417,4641.74,TRUE
2,4,78.52,9.16,3738.462,107.7033,2508.834,3211.923,1559.367,116.297,275.4088,177.2004,3183.9,TRUE
1,4,87.27,0.52,5034.88818,286.35641,2307.27661,2707.06934,2322.95605,363.35245,716.95538,230.48862,2635.5,TRUE
4,4,45.8,8.92,3655,65,3934.21216,2018.59485,1128.9375,492.06198,1279.89258,422.16702,5065.5,FALSE
3,2,61.63,4.8,4821.001,354.1892,2922.075,977.8165,731.454,232.0022,670.4103,300.5412,7301.64,FALSE
2,3,38,21.2,5630.58,155.0806,3786.109,2146.654,1147.454,676.9232,619.2132,110.1136,5394.74,FALSE
3,1,47.5,1.92,4279.649,132.8533,2452.575,3528.898,1931.871,370.3039,1345.669,165.6804,6421.05,TRUE
3,3,46.9,8.56,8934.373,252.9822,2795.013,2759.601,776.6112,431.5669,894.3433,106.066,7142.86,FALSE
1,2,39.58,0.28,3438.212,90.13878,6318.089,574.3257,472.0169,527.731,3075,1330.056,5950,FALSE
1,3,42,0.44,5609.771,105.4751,600.0833,1730.672,2811.801,251.0976,880.6957,281.5138,5476.19,FALSE
12,2,32,17.68,9332.155,517.9286,3258.424,2773.166,1742.326,155,2171.232,495.8074,4375,TRUE
1,2,34.78,9.96,11085.16,105.119,6306.942,2679.725,922.1985,2748.641,2097.314,955.1178,6843.01,FALSE
1,3,60.36,2.52,4336.37256,106.06602,2700.60181,3247.96094,1837.45752,14.14214,951.97162,388.90872,1590.46,TRUE
3,3,37.3,3.52,8493.505,95,2957.723,1480.355,1395,251.0976,1931.23,229.4014,5898.12,FALSE
2,3,63.6,2.88,4840.728,289.0069,2991.229,937.7633,653.3376,169.8529,699.9464,372.0215,5660.38,FALSE
4,2,25.11,17.4,4893.999,497.0161,1775.049,1252.517,1828.394,224.722,1128.938,134.6291,6770.21,FALSE
3,3,42.65,11.44,6490.27148,223.6068,2678.8103,1146.48376,840.38684,62.64982,919.26599,345.39832,5603.75,FALSE
5,3,109.1,4.08,4963.2749,243.8237,4121.07373,827.11847,372.15588,516.18793,1726.88306,212.72047,6828.6,FALSE
5,3,60.05,41.4,5258.28174,145.7738,3860.35303,2509.74609,1148.53162,338.37848,461.97943,382.39377,4329.73,FALSE
5,3,41.27,0.36,8804.118,148.6607,2957.114,2390.131,755.4138,606.3209,862.6993,644.4571,6905.74,FALSE
1,2,29.9,0.12,3545,143.17821,3850.08105,2101.14844,976.72925,286.00699,1357.23987,328.97568,4347.83,TRUE
5,3,48.7,4.96,8746.382,103.0776,2870.039,2345.768,842.9116,510.9061,771.5569,548.2928,7392.2,FALSE
3,3,65.85,2.84,6133.386,74.33035,2420.671,1553.609,1185.042,362.6638,532.6585,315,6248.93,FALSE
3,2,31.92,6.76,3593.762,46.09772,2702.961,3481.063,1624.438,32.01562,550.2726,311.8493,7205.51,FALSE
4,3,44.23,15.56,3590.488,572.931,3235.742,2341.885,645.1744,521.5362,1851.52,170.0735,5132.26,FALSE
1,2,32.8,8.76,6934.31,87.46428,1875.667,1439.514,923.5394,444.7752,445.2527,272.9469,6829.27,FALSE
4,4,55.2,9.16,3980.10376,105.47511,2287.36743,3099.07251,1762.02295,33.54102,333.20413,193.00259,5199.28,FALSE
1,4,82.27,16.44,1691.663,118.0042,5543.729,704.5566,413.5517,1253.196,2371.144,587.9838,3038.77,TRUE
2,3,41.25,1.2,6571.539,89.44272,2269.058,1264.802,798.8273,40.31129,734.2003,261.725,3818.18,TRUE
2,2,33.7,8.84,3306.67505,47.16991,3638.27222,2426.11841,766.17554,252.23996,1642.71875,212.89668,6053.41,FALSE
4,3,37.6,19.52,4724.005,453.1004,2290.251,1256.433,1495.343,230.3259,828.4021,165.605,5558.51,FALSE
4,3,38.1,10.28,3460,69.64194,4086.104,1862.592,966.2945,375.6661,1481.098,504.4056,4895.01,FALSE
3,3,46.2,8.36,1727.03503,210,4528.47119,2530.41992,206.70027,620.42322,2179.13965,256.3201,3246.75,TRUE
3,3,60.85,5.08,4912.32129,31.62278,1973.22705,3031.58789,2528.75952,113.13708,932.87189,220.51077,4732.95,FALSE
3,3,83.14,31.68,4986.231,72.8011,1261.715,2366.316,2425.541,65,1105.724,591.0372,3702.19,TRUE
2,2,23.6,10.12,6650.024,40,1556.406,1780.456,1259.544,221.3594,82.0061,246.9818,6355.93,FALSE
3,3,49.55,2.96,4727.309,31.62278,2088.403,3198.175,2360.704,212.1909,1106.029,201.5564,4641.78,FALSE
2,2,30.3,11.04,8129.614,42.42641,3202.952,1784.741,918.7083,1263.022,1649.735,170.8801,2475.25,TRUE
0,3,45.5,3.68,11284.55,258.9402,5517.699,3626.31,1082.312,685.5837,1070.806,180.3469,6593.41,FALSE
1,5,108.74,14.52,5240,35,3466.44629,2407.32739,1539.51294,191.37659,93.00538,636.39612,2758.87,TRUE
0,3,46.3,12.48,5650.108,208.3867,2935.835,1950,1729.812,120,628.0326,491.1721,5701.94,FALSE
5,4,52.78,31.64,3626.927,69.46222,4584.496,1467.123,1478.462,828.4021,1644.635,130,5352.41,FALSE
1,3,37.3,24.92,6310.3584,159.53056,4055.04614,1653.25439,1159.65515,1033.46509,1305.10535,365.03424,4906.17,FALSE
2,4,63.1,8.24,5910,468.188,3410.825,1753.718,1558.349,600,742.4285,395.506,4120.44,TRUE
1,4,62.1,0.16,8755.08,69.64194,2858.549,2362.118,881.7171,479.2703,756.7199,521.5362,5314.01,FALSE
1,5,164.17,19.68,5162.599,264.764,2769.77,2450.229,2159.56,75,311.0064,344.4198,8527.75,FALSE
5,1,32.3,0.28,6375.033,43.01163,2301.098,1393.718,965.9451,246.9818,591.0372,355.1408,5820.43,TRUE
2,2,25.2,11.04,8129.614,42.42641,3202.952,1784.741,918.7083,1263.022,1649.735,170.8801,5476.19,FALSE
3,3,37.3,4.28,8494.823,95.52486,2952.698,1489.043,1405,245.4588,1930.453,226.1084,5898.12,FALSE
4,3,44.2,5.16,1944.074,31.62278,4377.308,2409.424,589.6185,236.0085,2067.565,80,4321.27,FALSE
3,3,49.4,0.96,7602.411,146.0308,4628.461,687.6772,317.5295,1280.156,2570.044,932.3626,5566.8,FALSE
0,3,50.99,4,4537.767,79.05694,2169.332,3404.732,2221.823,373.1287,1313.44,130.0961,3333.99,TRUE
3,2,48.2,9.16,6279.333,295.1694,1367.205,2089.647,1571.703,107.7033,156.5248,495.101,1019.74,TRUE
3,2,35.64,0,6424.027,90.55385,2153.793,1436.393,969.2394,153.3786,565.1549,200.125,4769.92,TRUE
0,4,62.7,10.24,11611.42,549.659,5825.363,3929.138,863.4958,625,748.0809,404.753,4114.83,TRUE
2,4,79.4,11.12,2103.48511,145.6022,4437.39209,3828.39722,320,768.65143,2587.8418,1099.14734,3084.38,TRUE
0,4,64.5,0.12,12211.7,474.3416,6080.249,5022.549,25,699.7321,1180.614,857.3943,5503.88,FALSE
4,3,61.07,9.24,7050.284,95,1926.843,1391.061,884.3783,421.0998,536.6563,298.4125,6181.43,FALSE
1,2,20.51,10.68,1133.589,175,5145.454,2076.108,258.1182,973.7171,2149.634,298.0772,5704.53,FALSE
6,2,25.11,19.72,4014.623,128.5496,2469.757,2080.024,960.013,234.094,1356.558,418.1507,5894.07,FALSE
4,4,45,44,5968.52148,514.19843,3642.3208,1774.33081,1351.89685,831.82031,846.2417,166.88319,5066.67,FALSE
4,4,68.2,2,5130.853,326.8409,4258.415,655.6866,151.8223,755.7943,1876.812,338.3785,6250,FALSE
2,3,51.85,2.4,12895.78,106.066,6709.642,4703.087,51.47815,1306.484,1731.971,1532.686,6557.38,FALSE
4,2,37.6,0,10860.47,437.3214,4694.3,4580.748,468.2414,1696.18,2781.623,778.5403,5638.3,FALSE
7,3,31,0.12,3505.29956,120.20815,2732.21533,3357.7373,1410.00891,47.43417,411.0961,77.78175,5483.87,FALSE
2,1,32.1,10.8,11250.65,210.238,5089.224,4943.126,290.1724,1960,2750.864,391.5673,5046.73,TRUE
1,2,49.7,5.88,11760.62305,234.09399,5570.78076,5361.98193,357.80582,1808.25879,2475.80786,221.41589,5352.11,FALSE
2,4,77.2,13.2,4513.826,360.0347,2752.181,1382.245,1236.649,690.0181,902.2333,175,3367.88,TRUE
2,1,31.61,6.8,6344.17041,64.03124,790.25311,977.16425,2525.9502,196.78668,855.46771,219.54498,6010.76,TRUE
2,1,20.9,38.32,7903.673,123.7942,1812.181,2435.251,2067.619,90.13878,1479.704,708.3079,4880.38,TRUE
6,1,27.9,1.6,5709.588,93.94147,495.202,1875.06,2967.09,255.196,762.9712,285,6451.61,TRUE
3,2,23.3,5.04,3692.709,51.47815,2681.017,3589.492,1786.687,70.17834,736.3763,521.5841,6223.18,FALSE
0,5,112.73,22.6,8662.184,97.08244,2471.204,2969.688,1456.099,344.4198,1241.058,387.6209,5100.68,FALSE
5,3,47.1,10.4,3759.25513,45,3135.67383,2864.65527,1276.89075,85,1335.60852,128.06248,4246.28,FALSE
2,4,61.3,4.84,11683.2,618.7285,5650.002,4342.004,517.8803,210.238,977.663,430.0291,4404.57,TRUE
4,1,30.3,13.64,4365.25195,190.39433,5130.80176,1585.82788,789.00256,39.05125,1751.01404,113.13708,5396.04,TRUE
4,2,36.4,19.76,4231.634,84.85281,2095.066,3076.837,2053.71,283.0194,597.5157,22.36068,3516.48,TRUE
2,3,49.5,8.84,4237.098,10,2414.793,3595.389,1948.39,495.101,1227.701,254.951,3797.98,TRUE
9,4,63.4,10.24,11611.42,549.659,5825.363,3929.138,863.4958,625,748.0809,404.753,4416.4,TRUE
2,3,52.78,0,11797.79297,724.05109,5771.69824,4423.42041,427.1124,190,870.45966,463.27637,6309.21,FALSE
4,3,44.2,8.36,1923.519,25,4397.692,2394.535,581.0551,244.5915,2087.223,100,3902.71,FALSE
3,3,37.2,8.08,6090.462,540.2083,3519.251,1611.405,1481.595,715.0699,933.8094,330.9456,3763.44,TRUE
4,3,45.5,7.32,4549.179,425.1177,4682.932,1276.636,636.9459,357.1064,2288.695,297.0269,4307.69,TRUE
4,1,28,13.64,4365.25195,190.39433,5130.80176,1585.82788,789.00256,39.05125,1751.01404,113.13708,5678.57,TRUE
3,3,36.2,13.16,8452.432,39.05125,3059.187,1289.69,1180,371.2479,1945.508,374.0655,7044.2,FALSE
3,3,46,1.36,12140.87,728.3543,6078.964,4782.431,65,325.5764,821.4164,608.3585,5434.78,FALSE
4,1,23.22,0,5641.707,25,639.0618,1521.455,2760.548,49.24429,913.4687,155.2417,6029.29,TRUE
2,4,47.2,19.2,4830,200.125,3401.841,2787.292,1819.265,245.204,261.0077,319.5309,5720.34,FALSE
1,3,55.8,17.64,6600.73096,137.56816,2795.29956,1016.88251,756.90155,60.41523,1064.4834,436.83521,5555.56,FALSE
1,1,14.2,4,5662.237,15.81139,568.0009,1643.046,2828.003,160.7016,848.5281,246.0183,5985.92,TRUE
3,2,57.07,5.8,3852.09351,154.43445,3208.59009,2752.57153,1306.15845,14.14214,1154.23132,258.11819,4380.59,TRUE
0,2,32.5,7,8978.676,213.7756,2843.132,2789.928,726.7221,442.7471,928.0356,145.7738,7630.77,FALSE
2,1,33.8,0.28,6375.033,43.01163,2301.098,1393.718,965.9451,246.9818,591.0372,355.1408,5234.32,TRUE
14,4,77.25,11.88,3242.781,228.0899,3444.652,2715.847,369.1206,144.222,2059.424,136.565,4012.94,FALSE
0,4,84.1,7.76,6246.267,70.71068,2326.247,1489.404,1084.17,381.6084,517.3973,419.6725,5231.87,FALSE
2,4,65.1,4.6,11553,753.077,7938.03,840.6099,105.4751,4835.577,2704.847,2612.953,5683.56,FALSE
5,1,45.1,5.84,6861.024,15.81139,1865.483,1456.022,936.3893,368.6801,410.1829,300.0417,7982.26,TRUE
5,2,30.9,38.96,3844.26855,196.97716,5242.23242,1130.09961,1112.13757,479.0094,2004.67578,247.58836,4530.74,FALSE
2,3,67.3,1.84,4904.042,371.6517,2371.919,2829.178,2387.572,300,780.2083,198.1161,4457.65,TRUE
1,1,30.7,12.08,3798.77,205.9126,5652.144,898.0535,866.3862,353.5534,2377.667,643.9915,6840.39,TRUE
4,5,63.5,39.12,10482.06,110.1136,4298.945,4271.97,726.9112,1285.146,2439.021,720,4881.89,FALSE
4,3,34.6,20.72,7991.015,338.8953,2419.969,1464.42,1194.194,226.3846,1395.009,260.4323,4421.97,TRUE
2,3,39.4,0.44,5609.771,105.4751,600.0833,1730.672,2811.801,251.0976,880.6957,281.5138,5710.66,FALSE
4,4,48.3,23.76,6180.245,526.5216,3507.011,1519.91,1389.829,707.8312,1019.657,396.0113,5217.39,FALSE
12,3,48.4,18.28,4025.401,115.434,2609.028,1993.239,965.0129,49.24429,1586.167,302.2003,4338.84,FALSE
0,3,57.2,8.68,8729.653,103.0776,7682.063,1879.162,1034.698,4316.228,1750.578,1186.223,5244.76,FALSE
0,2,39.9,0,11778.57,158.1139,7011.364,2839.798,252.6856,3030.697,1400.893,1520.008,5864.66,FALSE
1,3,47.22,0,11797.79297,724.05109,5771.69824,4423.42041,427.1124,190,870.45966,463.27637,5929.69,FALSE
2,3,39.4,0.44,5609.771,105.4751,600.0833,1730.672,2811.801,251.0976,880.6957,281.5138,5710.66,FALSE
0,3,51.05,9.12,3825.575,208.6265,2388.231,2989.122,1436.184,295.3811,35.35534,248.2438,5269.34,FALSE
2,3,44.7,1.2,6571.539,89.44272,2269.058,1264.802,798.8273,40.31129,734.2003,261.725,5592.84,FALSE
3,3,33.54,21.32,8032.746,308.5855,2445.47,1485.345,1226.265,219.545,1435.139,251.0976,5515.8,FALSE
4,3,49.6,18.92,4025.72,95.52486,2375.737,3392.116,2026.826,351.0698,740.304,244.387,5241.94,FALSE
1,3,47.2,6.32,10319.96,725.6721,5845.547,1882.691,447.2136,2657.49,2861.119,1162.97,6885.59,FALSE
0,3,60.88,15.88,3417.865,118.8486,6351.417,572.8001,468.0278,538.5165,3110.245,1364.844,5256.24,FALSE
4,2,31.2,17.56,4265.99658,188.2153,2500.5,3474.62231,1894.46558,325,1297.99841,174.64249,4711.54,FALSE
1,3,75.86,100,7220.5,133.4166,7615.911,261.7728,96.04687,2599.356,1059.021,1500.833,4613.76,TRUE
0,2,29.42,2.2,4023.67065,90.13878,2248.02124,3080.16235,1799.5625,61.03278,359.33966,148.66069,3059.14,TRUE
5,1,41.1,0.28,6375.033,43.01163,2301.098,1393.718,965.9451,246.9818,591.0372,355.1408,5158.15,TRUE
3,3,52.4,2.64,11140.36,126.4911,5410.16,3464.578,1143.077,799.2027,1224.602,40,4389.31,FALSE
0,2,38.27,4.24,6469.64062,102.59142,2452.08594,1246.0437,850.13232,196.08672,748.86578,450.69391,4272.28,TRUE
1,3,50.41,29.24,4049.694,94.86833,2569.611,3483.852,1785.476,396.6106,1187.739,420.8622,3729.42,TRUE
0,4,59.3,9.4,6709.1167,145.6022,2672.17139,958.17535,615,20.61553,1042.84473,571.16107,4721.75,TRUE
4,3,49.16,5.36,4257.61963,75.16648,1997.31067,2856.79004,1893.25781,81.3941,439.2323,150.33296,2746.14,TRUE
3,1,35.64,5.32,4007.92334,115.10864,2339.92529,3290.29639,1990.50879,275.72632,599.85413,181.2457,5190.8,TRUE
3,3,36.89,21.2,5587.598,163.2483,3974.182,2268.353,960.2083,690.7966,725.2758,131.244,4133.91,TRUE
2,3,44.6,6.08,5559.975,416.7733,2559.229,293.0017,683.0812,309.2733,234.2008,987.1677,7959.64,FALSE
1,5,100.42,0,6576.519,85,2270.595,1260.516,794.0403,35.35534,739.0027,262.3452,5875.32,FALSE
1,3,48.3,0.44,3385,100,3597.30811,2438.41138,833.44165,186.01076,1560.29639,222.09232,4997.72,FALSE
4,2,27.67,9.76,5880.553,162.865,852.3497,1005,2398.63,60.20797,1043.276,188.6796,7155.76,FALSE
6,4,96.86,0.92,6327.9,245.153,1615.333,1867.813,1356.024,115.434,278.2984,245.204,6194.51,FALSE
5,2,26.4,48.36,6225.128,479.0877,3496.816,1472.489,1342.395,701.2311,1062.379,436.0333,5909.09,FALSE
0,3,49.9,20.72,3958.466,296.0152,3359.364,1833.753,1092.623,527.1859,1475.008,581.0551,4959.92,FALSE
6,3,42.2,19.08,3417.47339,286.00699,5069.3291,1015.13544,1095.53638,1002.06036,2062.31055,559.12878,5616.11,FALSE
8,4,62.7,17.52,3949.27832,187.68324,4769.12207,1507.00037,1374.01782,643.50604,1578.92371,170.07352,4178.63,FALSE
1,3,49.3,4.12,3054.083,44.72136,3210.44,3478.369,1082.832,221.4724,898.0674,565.7959,3975.66,TRUE
0,3,46.23,13.56,4586.7334,146.37282,2184.87988,3324.34961,2233.42798,281.11386,1238.67871,79.05694,4975.12,FALSE
0,3,28.1,20.4,5856.79541,429.53464,3580.05591,1856.354,1380.2627,766.32239,722.58215,236.48466,5053.38,FALSE
4,2,30.8,3.76,11688.48,817.0833,5750.941,4184.047,688.8396,145,745,209.8809,5194.81,FALSE
4,2,34.59,46.76,8075.163,261.7728,2491.531,1478.716,1235.648,184.4587,1480.008,278.5678,5926.57,FALSE
1,4,68.2,6.56,9021.942,195,2870.301,2862.014,724.0338,355.5629,995.7535,106.066,6766.86,FALSE
1,3,43.5,16.36,3496.77,152.9706,2887.823,2614.025,518.9412,145.7738,1267.922,816.2414,5862.07,FALSE
2,2,30.3,11.04,8129.614,42.42641,3202.952,1784.741,918.7083,1263.022,1649.735,170.8801,4554.46,TRUE
1,3,37.4,6.8,3811.59082,476.68124,10784.21289,3685.81396,265.7066,6323.61621,6776.00342,360.45111,4946.52,FALSE
4,2,41.6,2.96,4727.309,31.62278,2088.403,3198.175,2360.704,212.1909,1106.029,201.5564,3365.38,TRUE
4,4,105.51,7.16,6643.766,47.16991,1592.482,1749.636,1228.515,206.1553,116.297,264.1969,3601.55,TRUE
2,1,35.1,0.64,2734.415,227.4313,3496.069,3364.343,730,510.4165,1142.322,820.6248,5698.01,TRUE
3,3,50.7,18.88,4120.755,68.00735,2808.816,3150.849,1648.166,131.244,1125.1,185,5325.44,FALSE
2,1,34.29,0.04,4198.8,100.4988,11353.16,3087.479,85.14693,6933.866,7446.409,1019.031,4497.08,TRUE
1,4,57.82,2.08,10232.25,828.387,5819.321,1788.086,411.7341,2695.872,2953.562,1246.766,6918.02,FALSE
2,3,77.9,0.08,6075.381,40.31129,784.2512,1002.846,2452.31,225.8871,931.9469,373.1622,4172.02,TRUE
0,3,44,8.36,1923.519,25,4397.692,2394.535,581.0551,244.5915,2087.223,100,3636.36,TRUE
3,4,53,26.28,4765.986,291.0756,3316.282,972.5867,548.2928,96.56604,973.7813,132.0985,4905.66,FALSE
3,3,37.1,14.08,6200.59863,70.17834,4108.67969,1785.3291,1039.00195,1154.20972,1245.09033,304.13812,4312.67,TRUE
3,3,45.6,0.56,11277.91,266.1297,5486.404,3648.027,1138.343,618.971,1071.098,228.2542,7236.84,FALSE
2,3,35.18,7.8,3190,80.1561,4018.28955,1995.22559,614.9187,15.81139,1706.4364,172.62677,4235.36,FALSE
3,2,37.3,5.12,6218.024,123.6932,2081.328,1634.786,1178.611,222.991,354.4009,229.8369,4825.74,TRUE
3,3,54.5,3.84,3876.396,127.2792,2345.725,2997.486,1517.317,217.0829,83.81527,286.3564,4678.9,FALSE
1,4,62.6,2.4,5350.556,424.0578,2579.443,506.1867,697.4418,104.0433,183.5756,775.0161,6070.29,FALSE
1,2,29.5,11.2,6260.034,276.134,1590.503,1927.596,1418.238,120.8305,298.4125,285.7009,1266.27,TRUE
0,3,53.3,3.4,11359.83,165.605,5203.434,5038.643,246.6779,2025.889,2644.433,290.6888,5309.57,FALSE
2,3,55.1,24.6,1305.412,111.018,4938.552,2370.259,136.0147,944.5766,2429.038,137.5682,3793.1,TRUE
4,1,40.7,19.96,4371.54736,170.88008,2802.12866,3153.4624,1833.28259,93.94147,802.76086,470,4914,TRUE
3,3,65.8,0,6620.017,172.1918,4499.681,758.2216,91.24144,375.8324,2499.785,870.0575,5471.12,FALSE
1,1,33.55,6.32,810.4937,185.809,5453.598,2033.894,129.0349,1301.249,1927.083,613.2088,4470.94,TRUE
2,3,54.93,3.32,10206.42,620.8462,5665.062,1793.774,619.8387,2482.952,2970.711,1046.757,4824.32,TRUE
3,2,68.33,14.36,4673.6709,250,2383.83105,3095.17358,2198.10156,64.03124,947.11401,155.32225,5180.74,FALSE
0,3,56.4,2.96,8528.64746,114.2366,3059.74683,1408.94458,1280,355.14081,1993.37024,255.4408,5762.41,FALSE
2,3,50.45,7.52,4803.907,302.0761,3058.157,961.5872,641.5801,171.0263,762.6598,379.0119,5550.05,FALSE
2,4,101.27,1.2,6571.539,89.44272,2269.058,1264.802,798.8273,40.31129,734.2003,261.725,2863.63,TRUE
13,4,67,8.68,9956.169,237.1181,3805.003,3407.803,1197.132,540,2387.054,132.0985,4223.88,FALSE
1,3,42.58,30.8,5303.518,583.6309,1761.15,744.7483,1615.255,118.8486,695.018,635.7083,6059.18,FALSE
2,2,29.1,2.4,5306.901,308.5855,2695.946,517.349,587.7287,132.0038,300.1666,745,6872.85,FALSE
1,2,36.6,10.28,5632.497,260,2514.642,2013.908,1683.597,189.7367,519.7355,537.1219,4672.13,TRUE
3,3,52.3,10.8,5027.77295,521.46429,5524.71729,635.29523,25.4951,559.01697,3156.60034,362.66376,5353.73,FALSE
3,1,35.21,9.76,5880.553,162.865,852.3497,1005,2398.63,60.20797,1043.276,188.6796,6248.22,TRUE
5,2,31.5,0.68,5526.176,395.7903,2578.003,323.1099,667.2706,284.2534,231.9483,954.3846,7720.63,FALSE
2,2,38.4,4.44,6299.873,284.4293,1497.94,1974.652,1459.632,117.047,201.1219,364.0055,4036.46,TRUE
0,3,47.8,19.64,5358.118,171.1724,2830.87,427.1124,432.0012,272.2591,439.6021,787.4326,6276.15,FALSE
2,4,100.56,13.8,6070,180,3158.754,1544.344,1394.211,355.9846,918.8172,406.5095,4126.89,FALSE
4,4,75.57,0.04,5612.836,15.81139,668.9731,1519.539,2730.165,53.85165,943.7161,125,1058.62,TRUE
7,4,63.5,3.76,11688.48,817.0833,5750.941,4184.047,688.8396,145,745,209.8809,4330.71,TRUE
4,3,44.5,0.08,11324.0918,310.84561,5130.69189,4987.83008,91.24144,1612.51355,2547.87158,431.07425,6426.97,FALSE
3,5,85,0.6,4031.07007,458.8028,11019.58496,3569.33105,71.5891,6557.30322,6955.55371,530.51862,3764.71,TRUE
2,1,32,3.24,10926.86,435.2298,4764.402,4635.928,400.2812,1769.477,2843.449,713.4424,5000,TRUE
2,1,38.1,15.24,6092.947,373.1287,1525.983,2089.175,1585.095,20.61553,386.0052,432.2615,7000,TRUE
1,2,44.4,0.28,6605.795,171.0263,4470.417,729.1776,87.32124,385,2468.162,860.2325,5630.18,FALSE
1,3,60.85,13.44,3153.811,63.63961,7366.526,1384.377,538.5629,472.705,2996.068,1324.84,4272.8,TRUE
9,3,42.4,20.12,3727.76733,245.15302,5134.71533,1128.8158,1125.27771,646.00696,1961.61292,256.22256,4481.13,FALSE
1,4,62.5,4.84,11307.9,285.0439,5529.855,3658.446,1085.772,652.7059,1044.521,215.9282,5200,FALSE
3,3,42.4,14.88,3726.93237,209.88092,5101.00488,1152.65991,1151.08643,663.87122,1935.28418,250,4716.98,FALSE
11,5,74.4,11.12,3352.05151,311.12698,4994.94971,1044.2821,1168.00049,888.55219,2050.573,547.76819,3669.35,TRUE
0,3,49.58,3.08,11869.82715,150.74814,5716.4082,5527.31641,136.01471,2219.05957,2311.56323,216.39085,6151.67,FALSE
2,4,63.28,5.96,5502.62,405.6168,2291.997,423.4678,966.0875,163.4778,57.00877,833.1417,5530.97,FALSE
6,3,37.1,30.64,3935,173.5656,3610.388,2354.782,1358.869,302.6962,966.8635,240.0521,4043.13,TRUE
2,4,72.51,25.6,4347.945,67.26812,3891.545,2311.001,1702.828,576.5848,800.2812,445.926,4413.18,FALSE
1,3,56.7,10.88,6327.11035,38.07887,2460.31006,1364.52368,990.20203,295.67719,664.83081,339.88968,5820.11,FALSE
1,4,84.4,7.68,2637.067,54.08327,3682.679,2970.875,859.8401,109.6586,1404.039,604.0281,3021.33,TRUE
4,2,43.75,17.52,8757.039,184.4587,2926.79,2340.342,743.7909,604.4005,838.5255,635.6099,5714.29,FALSE
3,3,47.4,13.08,6367.7959,170,2701.50415,1255.23901,969.14911,55.9017,877.06897,215.40659,3966.24,TRUE
2,2,26.62,14.64,6024.322,426.1748,3774.295,1777.92,1246.966,965.7251,943.6233,82.76472,6273.48,FALSE
1,2,26.7,11.04,8129.614,42.42641,3202.952,1784.741,918.7083,1263.022,1649.735,170.8801,3295.88,TRUE
2,2,29.4,11.04,8129.614,42.42641,3202.952,1784.741,918.7083,1263.022,1649.735,170.8801,3911.56,TRUE
14,3,49.4,4.8,4766.763,490.0255,2130.991,1240.645,1643.175,51.47815,903.0089,344.3835,4959.51,FALSE
2,3,50.11,0,8846.48,190.5912,3015.336,2426.159,705,665.7702,922.7811,705.1595,5687.49,FALSE
2,3,44.3,8.36,1923.519,25,4397.692,2394.535,581.0551,244.5915,2087.223,100,4108.35,FALSE
5,2,35,1.8,6499.42285,42.42641,1937.04028,1530.52283,1026.60852,20.61553,495,73.82411,5000,FALSE
3,4,77.8,7,6256.646,67.26812,2322.972,1481.891,1074.663,370.4727,521.7518,412.3106,2802.06,TRUE
0,3,37.9,2.88,3999.82812,399.2493,11015.24609,3507.60962,116.29704,6561.58691,6998.56592,571.00787,3957.78,FALSE
1,4,47.2,29.68,4484.811,372.0215,2902.727,1364.276,1133.016,641.1123,931.9335,40.31129,5593.22,FALSE
2,3,34.4,0.68,6405.412,120.8305,502.0209,2208.308,2297.243,98.23441,365.3081,332.8663,6017.44,FALSE
1,4,101.1,15.04,1782.19666,135.36986,4828.42871,1683.04785,493.07709,695.07196,2448.06055,260.43234,5637.98,FALSE
4,1,23.22,0,5635.24,31.62278,640.41,1531.878,2757.762,60.41523,915.6691,153.3786,6029.29,TRUE
6,4,47.2,13.92,3715,120.41595,3888.70166,2067.87329,1181.49268,521.17657,1218.07227,392.23718,6239.41,FALSE
4,3,48.3,2.56,5318.592,180.2776,2848.899,463.0605,422.6405,246.0183,454.3677,749.6999,8281.57,FALSE
2,3,64.69,0,6775.819,101.2423,924.6892,1082.405,2594.499,186.6815,830.2409,219.1461,6183.34,FALSE
2,5,100.42,1.2,6571.539,89.44272,2269.058,1264.802,798.8273,40.31129,734.2003,261.725,3754.23,TRUE
4,2,43.88,13.68,8812.72,201.3082,2990.819,2391.339,700.4463,657.8754,901.9008,693.1811,6449.41,FALSE
1,2,43.12,0.04,4198.8,100.4988,11353.16,3087.479,85.14693,6933.866,7446.409,1019.031,4497.68,FALSE
3,2,31.9,0.08,5209.484,310.1612,2692.554,621.9526,635.0197,32.01562,315.6343,641.9501,8777.43,FALSE
4,3,58.27,4.04,4211.903,76.32169,1997.311,2669.841,1681.525,194.4865,323.8055,426.6439,4547.79,FALSE
5,1,33.7,0.28,6375.033,43.01163,2301.098,1393.718,965.9451,246.9818,591.0372,355.1408,5964.39,TRUE
4,4,69.38,0,8776.361,141.5097,2925.107,2365.005,776.6112,578.835,830.858,615.0203,7206.69,FALSE
0,3,43.31,18.6,7916.067,395,2360.381,1450.836,1157,259.8557,1320,265,4848.76,TRUE
1,4,69.2,8.88,6090.66504,68.00735,2886.28662,1510,1293.6189,86.31339,956.62164,130.86252,8265.9,FALSE
2,3,49.55,2.96,4727.309,31.62278,2088.403,3198.175,2360.704,212.1909,1106.029,201.5564,4339.05,FALSE
1,3,42,0.44,5603.32,116.619,605,1741.049,2809.813,261.9638,885.353,287.2716,5476.19,FALSE
10,2,30.8,16.56,12260.85,289.8707,6357.895,4632.259,592.558,265,166.5083,38.07887,5844.16,FALSE
1,3,48.5,0.36,5190.077,149.8332,2849.088,599.3329,480.9366,116.7262,459.1568,666.8021,5773.2,FALSE
2,3,54.9,41.16,3290,50,4231.00732,1724.42017,843.28229,269.07248,1659.10364,529.00848,3169.4,TRUE
2,4,101.27,1.2,6571.539,89.44272,2269.058,1264.802,798.8273,40.31129,734.2003,261.725,2863.63,TRUE
4,3,56.4,26.96,5292.49707,95.52486,4060.20947,2565.78442,945.85938,428.51486,667.53278,205.54805,4343.97,FALSE
3,1,32.6,0.28,6375.033,43.01163,2301.098,1393.718,965.9451,246.9818,591.0372,355.1408,5582.82,TRUE
4,2,32.73,18.68,3980.97046,121.65525,2300.33154,3141.02295,1805.83777,86.02325,387.36288,175,4582.95,FALSE
4,2,33.1,19.64,5488.465,173.3494,848.3219,1425.246,2564.786,5,1118,25,2332.33,TRUE
0,3,48.5,17.96,8919.295,295.6772,2767.716,2773.671,818.0006,375.6661,905.2071,41.23106,6597.94,FALSE
1,3,50.1,7.76,6246.267,70.71068,2326.247,1489.404,1084.17,381.6084,517.3973,419.6725,4630.74,TRUE
1,2,42.02,4,2127.346,163.4778,4338.274,2221.227,869.7413,217.3131,2139.024,71.06335,6544.5,FALSE
3,2,54.5,12.12,4265,389.39056,3363.85571,2648.17383,1681.07104,20,630.31738,205.24376,5504.59,FALSE
0,3,43.88,5.08,4912.32129,31.62278,1973.22705,3031.58789,2528.75952,113.13708,932.87189,220.51077,5811.3,FALSE
1,3,49.7,24.68,4155.06,131.5295,4011.088,2127.963,1724.775,652.7059,989.7601,439.3177,7071.83,FALSE
1,3,59.71,0.04,6842.602,40.31129,948.5383,1129.391,2553.449,248.6463,829.4727,278.2984,5024.28,FALSE
4,2,27.67,9.76,5880.553,162.865,852.3497,1005,2398.63,60.20797,1043.276,188.6796,7155.76,FALSE
5,5,84.9,5.64,3782,174.4276,3787.813,1959.751,920.4619,79.05694,1757.683,258.1182,3886.93,TRUE
9,3,39.8,9.68,6428.828,106.3015,551.9285,2252.36,2247.493,140.89,405.1234,330.3407,5000,FALSE
1,1,19.7,11.04,8129.614,42.42641,3202.952,1784.741,918.7083,1263.022,1649.735,170.8801,3324.87,TRUE
2,3,37.43,4.28,8494.823,95.52486,2952.698,1489.043,1405,245.4588,1930.453,226.1084,1870.16,TRUE
2,4,92.2,0.08,6070.44678,41.23106,785.82758,1002.06036,2450.39795,221.41589,934.77271,368.40875,1626.9,TRUE
0,2,54.7,0,11799.94,200.0625,6243.919,3792.562,279.5085,1277.507,976.1659,511.1995,6215.72,FALSE
5,2,31.6,0.4,5510.717,423.4678,2550.319,346.5906,697.8001,255.196,196.023,936.2158,7594.94,FALSE
1,2,39.92,0,10377.36,189.0106,5105.766,2383.873,1207.477,1406.165,2253.469,303.0264,6412.83,FALSE
0,3,92.34,2.52,10070,26.92582,5189.916,1823.191,785,1864.001,2870.618,611.4327,4407.62,TRUE
1,4,54.33,6.2,3949.585,130.3841,4244.058,1862.935,1610.256,859.7819,1252.937,274.5906,4822.38,FALSE
3,5,89.7,10.28,4868.534,47.16991,1369.617,2399.088,2310.633,75,986.0274,707.2482,6075.81,FALSE
3,5,98.85,10.84,4809.71143,381.21515,2546.13916,2874.28687,2266.78735,304.63092,642.74799,60.20797,5107.23,FALSE
2,1,29.27,17.44,5911.772,45,2435.621,1758.465,1405.569,370.5402,477.5458,360.0347,5466.35,TRUE
1,2,38.6,4.12,5081.594,100.4988,1135.275,2188.201,2444.918,53.15073,1192.749,532.5646,5051.81,FALSE
4,1,32.2,0.28,6375.033,43.01163,2301.098,1393.718,965.9451,246.9818,591.0372,355.1408,6521.74,TRUE
2,3,51.7,7.04,5309.852,123.4909,918.9396,1711.586,2488.438,20.61553,1200.052,201.5564,2700,TRUE
2,3,44.9,0.4,10236.5,630.5751,5691.406,1822.43,606.4858,2495.842,2940.612,1042.173,5634.74,FALSE
0,3,32.8,8.36,1923.519,25,4397.692,2394.535,581.0551,244.5915,2087.223,100,5030.49,FALSE
1,2,45.7,0,11778.57,158.1139,7011.364,2839.798,252.6856,3030.697,1400.893,1520.008,5908.1,FALSE
3,2,64,67.08,10589.91,161.0124,4450.913,4274.766,595,1497.899,2495.165,845.8132,5312.5,FALSE
3,2,32,1.04,12123.67,705.0709,6071.592,4748.276,98.99495,283.593,784.8886,572.6473,6875,FALSE
1,4,64.2,16.92,4026.19238,108.16654,3160.22559,2788.26562,1460.48792,20.61553,959.23145,259.32605,4205.61,FALSE
1,2,37.3,14.36,6060,215.2324,3192.938,1559.367,1413.825,388.9087,902.5519,442.2951,4557.64,TRUE
4,2,34.59,46.76,8075.163,261.7728,2491.531,1478.716,1235.648,184.4587,1480.008,278.5678,4972.54,FALSE
1,3,60.71,15.88,3417.865,118.8486,6351.417,572.8001,468.0278,538.5165,3110.245,1364.844,5600,FALSE
9,3,49.4,13.2,4513.826,360.0347,2752.181,1382.245,1236.649,690.0181,902.2333,175,4655.87,FALSE
2,2,23.6,10.12,6650.024,40,1556.406,1780.456,1259.544,221.3594,82.0061,246.9818,6355.93,FALSE
3,3,61.81,23.96,4112.00977,145.34442,3227.77393,2729.14355,1530.04089,21.2132,821.41644,245.20399,3316.62,TRUE
1,2,32.78,5.2,2531.452,55.9017,3865.052,3504.083,451.2483,158.1139,1938.298,949.9737,3965.83,TRUE
1,3,49.5,10.88,10814.49,425,4907.955,3426.543,1063.073,375,1578.647,595,5050.51,FALSE
3,3,53.56,1.44,6830,191.3766,3203.443,777.1261,637.2009,32.01562,1482.608,595.021,3827.48,TRUE
4,5,77.36,7.8,3602.235,480.4165,3555.661,2197.738,729.4004,346.3019,1818.64,264.0076,3955.53,FALSE
1,3,46.5,16.64,5860.795,49.49747,2450.005,1803.781,1456.039,360,479.5049,381.8377,4752.69,FALSE
2,3,49.3,3.72,7635.214,174.6425,4618.496,645.9489,275.1818,1275.951,2593.651,945.119,5679.51,FALSE
4,3,54.9,4.08,6855,172.4094,3382.459,795.3144,667.027,47.16991,1635.176,416.0829,4280.51,TRUE
2,4,56.04,16,4846.05,240.1041,4465.21,2299.853,857.4672,94.86833,1029.332,179.0251,3747.32,TRUE
4,3,48.2,0.44,3385,100,3597.30811,2438.41138,833.44165,186.01076,1560.29639,222.09232,4200,TRUE
5,3,44.91,0,11836.13574,784.23529,5820.10547,4436.62305,409.20654,150,810.26233,460.10867,6791.36,FALSE
4,3,48.4,31.04,4735.573,496.0091,2060.491,1301.461,1672.319,60.41523,1015.148,247.4874,4814.05,FALSE
2,5,92.7,1.28,5303.518,272.2591,2735.896,510.2206,546.6489,155.7241,340,750.4166,8052.86,FALSE
4,3,44.2,8.36,1923.519,25,4397.692,2394.535,581.0551,244.5915,2087.223,100,3902.71,FALSE
9,2,31.2,24.44,12324.13,260.0481,6445.279,4617.61,481.2744,354.2951,53.15073,105.119,1831.28,TRUE
7,4,48.2,21.2,5630.58,155.0806,3786.109,2146.654,1147.454,676.9232,619.2132,110.1136,6203.32,FALSE
2,5,103.1,0,6333.942,311.8493,217.0829,1582.127,2912.083,111.018,277.2183,440.284,5625.61,FALSE
0,1,34.9,0,11810.11,203.9608,6226.95,3829.413,295.4657,1207.332,913.2497,515.2184,3724.93,TRUE
0,2,36.4,7.24,6930.283,14.14214,3886.702,880.142,331.8509,45,2137.113,282.179,3434.07,TRUE
0,3,32.9,12.48,3831.32153,205.9126,10703.30469,3539.10303,152.06906,6212.97412,6538.52051,122.98374,2735.56,TRUE
0,3,43.8,8.36,1923.519,25,4397.692,2394.535,581.0551,244.5915,2087.223,100,4223.74,FALSE
4,2,38.5,5.04,3692.709,51.47815,2681.017,3589.492,1786.687,70.17834,736.3763,521.5841,5454.55,FALSE
3,1,29.8,1.6,5709.588,93.94147,495.202,1875.06,2967.09,255.196,762.9712,285,8691.28,TRUE
0,4,55,20.2,6620,92.19544,3338.6001,1025.40234,896.61865,252.68558,1452.79041,437.32138,4018.18,TRUE
1,3,62.56,10.04,4189.64502,135.09256,2561.9231,3423.98169,1823.58167,358.05026,1329.00342,251.0976,4235.93,FALSE
3,3,47.4,7.76,6246.267,70.71068,2326.247,1489.404,1084.17,381.6084,517.3973,419.6725,4746.84,TRUE
3,3,38,27.88,3935,226.3846,3665.818,2305.759,1367.808,338.3785,976.7292,295.2964,5000,FALSE
3,4,63.1,20.76,5945,423.8514,3376.792,1711.089,1579.691,566.083,775.4031,430.0291,4912.84,FALSE
4,2,52.1,0,6566.559,110,1752.177,1640.488,1122.018,89.44272,287.7933,219.3171,5470.25,FALSE
1,1,25.26,4.44,5521.062,240.8319,2049.597,2294.613,1872.926,136.565,226.3846,652.3228,6400,TRUE
1,4,82.3,15.4,6483.2959,196.46883,2627.87451,1167.87195,839.43433,111.8034,877.5249,357.94553,2551.64,TRUE
1,4,49.28,15.6,5519.284,42.72002,3854.154,2275.703,1085.564,590.5294,588.2177,186.6815,4322.24,FALSE
1,4,95.89,3.8,5839.422,261.725,618.7285,1295,2676.925,20,852.9068,237.1181,6048.6,FALSE
2,2,25.3,8,4267.798,105.4751,2010.827,2924.88,1963.797,159.1383,502.4938,69.46222,4150.2,TRUE
0,3,59.1,9.92,1613.707,90,4839.806,1803.587,871.2778,510.343,2347.19,282.179,2571.91,TRUE
1,3,69.8,0.96,11775.92871,373.12866,5575.66602,5208.0708,164.01219,1571.63135,2220.07324,479.08768,4942.69,FALSE
4,2,41.6,2.96,4727.309,31.62278,2088.403,3198.175,2360.704,212.1909,1106.029,201.5564,4110.58,TRUE
2,3,52.19,4.36,6885.53,29.15476,966.0745,1161.228,2528.028,290.2585,831.8954,318.9436,6840.39,FALSE
2,3,63.5,8.04,3980.26392,33.54102,5366.70508,1164.23792,1062.46179,288.14059,2068.58643,365.82098,5496.06,FALSE
1,2,27.19,7.16,6643.766,47.16991,1592.482,1749.636,1228.515,206.1553,116.297,264.1969,4119.16,TRUE
4,4,66.07,6.68,3679.253,251.2469,3824.477,2065.103,815.8431,68.00735,1839.837,160.7016,4767.67,FALSE
1,2,32.35,31.68,4986.231,72.8011,1261.715,2366.316,2425.541,65,1105.724,591.0372,4914.99,FALSE
2,2,36.74,20,1044.761,211.4829,5210.578,2174.011,96.56604,1110.608,2157.093,374.8333,4327.71,TRUE
4,3,68.56,8.12,4262.866,73.82411,1999.812,2878.55,1917.948,107.0047,460.6788,121.6552,2771.3,TRUE
2,3,20.43,0,6165.543,264.0076,391.695,1385.902,2846.928,255.196,551.9511,393.0013,7831.62,FALSE
2,3,47.4,27.04,4136.33301,267.30133,3327.10083,2644.40918,1550.51599,21.2132,765.31042,263.05893,5907.17,FALSE
1,4,63,15.2,4999.93262,228.47319,3844.02466,2731.72559,1297.35303,77.62087,404.78391,590.69873,6349.21,FALSE
2,4,66.31,8.2,6859.55176,197.0406,1661.38501,477.59814,2122.2688,165.07574,1370.92126,221.92342,5413.96,FALSE
9,3,37.91,18.48,4956.632,465.0269,1715.554,1208.853,1892.208,169.1892,1119.565,194.1649,4879.98,FALSE
2,5,106.3,0,5616.665,118.5327,590.0847,1749.836,2827.035,268.7936,870.1293,303.7268,3480.71,TRUE
1,2,32.76,0.24,6496.90674,161.55495,1767.72449,1659.82678,1145.53479,15,325.61481,147.05441,5952.38,FALSE
3,3,54.57,1.8,3913.93652,100.62306,3068.42798,2898.38745,1401.16028,20.61553,1171.51611,141.15594,3939.89,TRUE
2,3,48.4,11.96,12004.81,544.2656,6109.92,4397.982,687.3136,290,375,292.7456,5227.27,FALSE
3,4,71.12,0.88,5587.15,361.2478,2288.76,336.1547,956.6216,250.7987,125,920.4619,6327.33,FALSE
1,3,55.15,0.24,10413.24,219.545,5176.179,2376.515,1212.693,1490.78,2263.371,219.6588,5077.04,FALSE
1,4,67.9,0,2863.237,194.5508,3366.281,3467.005,855.3654,475.9464,1013.04,690.9595,5724.59,FALSE
3,3,102.7,4.4,5617.1543,176.70596,2019.50488,2211.65088,1783.17139,57.00877,130.38405,746.07306,3602.73,TRUE
3,3,70.1,12.4,11120.39,338.8953,4950.116,4837.401,377.9219,1855,2887.3,518.7726,5149.79,FALSE
9,3,38.1,12.8,8549.868,437.2928,2478.316,2451.025,1963.269,220,1734.251,272.0294,5511.81,FALSE
3,5,95.2,0.84,5026.96729,315.79266,2337.01733,2704.31128,2324.9624,385.03247,728.86896,201.24612,3308.82,TRUE
0,2,36.49,28.52,6613.66943,231.62469,2652.70142,1045.47839,709.96478,71.5891,971.00464,479.27026,5069.88,FALSE
3,3,37.9,12.84,1026.767,185,5274.491,1915.059,364.9658,1040.973,1990.383,444.072,2638.52,TRUE
1,4,47.6,2.16,3741.724,78.10249,2513.573,3238.835,1595.188,76.32169,311.8493,201.2461,4180.67,FALSE
3,5,74.2,11.56,3842.922,360.5551,3396.001,1959.088,970.4767,523.3068,1581.139,502.8419,4514.82,FALSE
2,3,70.6,2.32,5445.755,311.8092,2665.807,380.1316,588.2177,251.0478,287.1411,883.9259,7434.84,FALSE
3,4,67.6,2.4,5892.89844,391.47159,1348.35083,2378.17676,1873.5127,20,536.00372,720.85022,4127.22,TRUE
9,5,73.6,14.72,11571.1,741.9737,5630.766,4089.551,764.1989,140,861.7569,101.2423,3872.28,TRUE
2,3,57.2,0.92,10252.47,682.4954,5734.791,1829.296,554.3014,2548.039,2925.017,1085.841,6328.67,FALSE
5,1,32.3,0.28,6375.033,43.01163,2301.098,1393.718,965.9451,246.9818,591.0372,355.1408,5820.43,TRUE
9,3,37.5,5.6,3722.1,117.1538,3111.784,2911.464,1274.245,85,1411.559,133.4166,4640,FALSE
8,3,41.2,31.24,4540.705,487.9549,2975.151,1276.92,1005.099,527.1148,897.3572,67.08204,4296.12,TRUE
3,4,74.8,25.64,4562.07178,156.92355,2200.52832,3347.89868,2212.31226,295.3811,1263.11121,67.08204,5347.59,FALSE
1,2,33.4,0.56,6154.905,264.6224,389.4226,1391.294,2847.74,244.1311,555.1802,404.0111,8053.89,FALSE
1,3,43.17,25.8,5582.437,205,4160.12,2365.761,775,735.612,876.6413,83.81527,5211.95,FALSE
1,4,63.2,7.56,3486.581,57.00877,6883.084,1085.933,642.067,254.951,3205.328,1576.785,6012.66,FALSE
3,3,51.09,11.24,1083.421,177.3415,5179.928,2143.84,152.0691,1056.421,2160.283,340.0368,3718.93,TRUE
1,5,111.4,21.56,4384.761,67.26812,4518.033,1931.075,1122.375,351.9233,1190.483,288.5308,6143.4,FALSE
5,1,33.7,0.28,6380.416,36.05551,2297.324,1391.294,961.7692,240.5203,592.9797,350.3213,5964.39,TRUE
4,2,24.67,35.24,8075.867,264.1969,2488.875,1483.619,1239.94,188.6796,1480.034,273.9069,5796.51,FALSE
4,4,63.1,10.96,3635.691,495.9083,3415.333,2206.4,729.4518,445.1123,1777.196,300.3748,4595.88,FALSE
3,2,40.8,15.16,8483.985,126.1943,3021.527,1384.377,1280,319.1003,1948.795,286.5746,5500,FALSE
2,5,82.2,2.6,3291.675,381.2151,4056.02,2454.409,427.9311,130.3841,2196.048,186.0108,3649.64,TRUE
1,4,66.8,8.64,8710.811,105,2808.558,2323.639,914.9454,436.5776,706.7708,475.079,6886.23,FALSE
4,3,44,0.6,6699.39014,145.7738,1454.99146,1865.24121,1346.5697,278.2984,96.17692,195,5981.31,FALSE
2,4,68.7,0,12291.18,531.0838,6255.494,4809.345,164.4688,182.4829,660.9274,449.1102,5604.06,FALSE
2,3,45.4,4.16,11274.46875,168.67128,5614.84619,3492.2771,912.85266,969.44574,1156.08179,174.14075,7599.12,FALSE
4,3,44.33,9.12,4776.118,333.2041,3057,991.9299,673.0899,203.0394,776.0316,362.4914,9474.4,FALSE
4,1,27.75,3.88,5103.64844,226.77081,2246.60864,2655.20239,2263.01782,368.00137,645.32935,280.40149,6558.56,TRUE
1,2,38.6,4.12,5081.594,100.4988,1135.275,2188.201,2444.918,53.15073,1192.749,532.5646,5051.81,FALSE
3,2,45.7,0,6584.71729,68.00735,2238.89478,1274.69604,800.15625,18.02776,734.93195,228.52789,6126.91,FALSE
1,2,41.3,0.28,6375.033,43.01163,2301.098,1393.718,965.9451,246.9818,591.0372,355.1408,6900.73,FALSE
4,2,34.59,35.24,8075.867,264.1969,2488.875,1483.619,1239.94,188.6796,1480.034,273.9069,5926.57,FALSE
1,1,19.7,11.04,8129.614,42.42641,3202.952,1784.741,918.7083,1263.022,1649.735,170.8801,3324.87,TRUE
1,2,48.5,4.16,11274.46875,168.67128,5614.84619,3492.2771,912.85266,969.44574,1156.08179,174.14075,5773.2,FALSE
4,2,36.5,23.16,6782.14014,25,773.98322,1288.60388,2712.27295,201.55644,633.24561,228.52789,4602.74,TRUE
12,2,32.1,16.72,10107.68,130,4195.486,2921.584,1481.427,344.4198,2298.717,771.7675,5046.73,FALSE
1,4,69.8,32,4180,186.0108,3767.924,2307.228,1662.806,396.2323,820.8837,368.0014,5372.49,FALSE
1,2,41.5,8.44,5605.188,418.3898,1079.317,978.0082,2250.656,123.6932,1300.961,134.6291,7736.9,FALSE
1,4,64,20.36,4298.805,38.07887,4099.332,2146.701,1545.129,563.0275,932.6575,355.3168,7343.75,FALSE
6,1,25.1,1.6,5709.588,93.94147,495.202,1875.06,2967.09,255.196,762.9712,285,7968.13,TRUE
1,4,62.22,3.6,11897.58398,200,5749.83691,5546.09082,101.98039,2272.03101,2257.72559,268.00186,4741.24,FALSE
2,3,42.02,18.2,8086.941,360.1388,2330,1744.484,1465.691,382.0013,1476.787,70,4997.62,FALSE
3,3,38,21.2,5630.888,155.3222,3791.101,2148.534,1142.464,678.8409,622.6155,106.3015,5921.05,FALSE
5,2,25.4,11.24,3968.356,110.6797,2432.817,3434.705,1976.424,313.4087,742.4453,292.0616,5472.44,FALSE
5,4,68.7,8.64,8710.811,105,2808.558,2323.639,914.9454,436.5776,706.7708,475.079,6040.76,FALSE
0,4,63.6,1.6,12287.38,458.5303,6503.784,4471.208,219.6588,667.2706,244.1823,25,4638.36,FALSE
4,4,97.13,5.68,5714.543,90,547.0146,2060,2805.82,259.6151,777.1904,103.0776,4107.9,FALSE
3,3,50.4,1.04,5335.583,222.7667,2793,462.3851,476.7075,226.2742,398.5285,791.1542,7797.62,FALSE
3,3,49.74,0.36,11634.30469,166.43317,5449.13281,5310.0752,331.0589,1828.14795,2572.08569,155,6031.36,FALSE
2,3,51.1,12.24,3742.355,18.02776,4589.24,1517.012,1592.302,953.9523,1571.957,193.0026,6511.15,FALSE
6,3,53.7,0,3823.938,101.9804,2591.549,2298.548,804.1144,313.1294,1232.609,637.1224,7242.09,FALSE
3,1,36.4,8.6,3789.419,275.1363,3512.239,1989.196,936.9232,403.0509,1650.273,449.0267,5769.23,TRUE
2,1,35.3,1.6,5709.588,93.94147,495.202,1875.06,2967.09,255.196,762.9712,285,7365.44,TRUE
4,4,62.8,0,4032.72852,528.79578,10982.94141,3674.48291,46.09772,6509.61768,6863.85645,448.21869,4283.44,FALSE
8,4,47.2,10.52,3665,180.2776,3730.968,2217.707,1086.646,315.6343,1232.599,203.0394,4332.63,FALSE
4,3,57.6,37.48,5347.815,88.45903,3922.643,2456.751,1056.089,444.3253,555.0901,277.3085,4670.14,FALSE
1,2,26.7,11.04,8129.614,42.42641,3202.952,1784.741,918.7083,1263.022,1649.735,170.8801,3558.05,TRUE
1,4,101.1,19.68,1771.793,145.7738,4839.551,1672.401,489.3363,702.6023,2437.217,250.7987,5637.98,FALSE
1,4,91.8,7.92,4006.41992,145.7738,2312.44458,3222.73169,1920.34497,210.95023,515.38818,169.77927,2995.64,TRUE
3,3,37.69,12.88,3894.07886,65.76473,3042.44971,2933.42798,1400.35706,26.92582,1221.14697,80.77747,3661.45,TRUE
4,4,62.7,3.48,12336.47,386.2642,6569.205,4489.928,142.1267,728.3543,295,93.94147,4465.71,FALSE
2,4,70.94,0.92,11768.50586,221.41589,5624.02441,5416.22119,227.70595,2244.06445,2311.01709,212.13203,5004.23,FALSE
0,4,61.1,13.16,6927.788,114.0175,5812.945,672.644,269.2582,811.3107,2822.145,272.2591,4009.82,FALSE
0,2,65.25,1.84,4904.042,371.6517,2371.919,2829.178,2387.572,300,780.2083,198.1161,6206.9,FALSE
1,2,27.19,7.16,6643.766,47.16991,1592.482,1749.636,1228.515,206.1553,116.297,264.1969,4119.16,TRUE
3,2,42.1,10.32,11833.92188,168.07736,5642.98242,5407.26367,314.68237,1819.51233,2442.89282,266.31747,4988.12,FALSE
4,3,38.2,11.36,6482.254,149.8332,588.0688,2266.479,2215.271,193.1321,415.1205,275.7263,6753.93,FALSE
2,3,71.1,12.48,2641.751,41.23106,3687.818,2951.055,888.1441,73.82411,1418.732,603.9247,4219.41,TRUE
1,2,29,11.2,6260.034,276.134,1590.503,1927.596,1418.238,120.8305,298.4125,285.7009,5238.79,FALSE
4,2,30.9,11.84,3305.77148,229.8369,5074.64795,964.80566,1089.151,926.74158,2127.06958,628.35101,6666.67,FALSE
2,4,106.18,0,6587.83936,69.64194,2259.45239,1259.81152,789.00256,20.61553,744.64758,249.09837,2994.91,TRUE
0,3,49.7,5.44,6025.232,68.00735,644.3019,1157.897,2591.882,152.0691,821.3404,331.8509,5030.18,FALSE
0,3,32.8,8.36,1923.519,25,4397.692,2394.535,581.0551,244.5915,2087.223,100,5030.49,FALSE
3,3,74.13,4.56,4568.17773,132.38202,1658.8324,2538.15869,2040.50244,11.18034,685.29193,466.1813,4586.54,FALSE
1,2,37.7,17.88,6125,206.1553,3183.237,1492.824,1347.312,383.2754,969.1491,425,5305.04,FALSE
2,3,48.8,1.64,3063.634,43.01163,3978.897,2722.738,207.9663,134.3503,2356.884,186.8154,4364.75,FALSE
4,1,54.3,21.72,4384.955,169.1892,2375.395,3475.809,2024.846,317.5689,1301.768,65,4198.9,TRUE
4,4,53.3,39.04,4853.092,640.41,1914.138,1220.215,1784.839,174.6425,1013.422,190.3943,2626.64,TRUE
0,3,51.5,10.84,4809.71143,381.21515,2546.13916,2874.28687,2266.78735,304.63092,642.74799,60.20797,1024.38,TRUE
3,3,42.32,1.2,6571.539,89.44272,2269.058,1264.802,798.8273,40.31129,734.2003,261.725,3544.42,TRUE
2,5,61.2,36.8,4380.414,123.7942,2507.414,1600.781,1370.857,278.2984,1142.683,192.3538,4542.48,FALSE
2,4,47.98,27.92,4147.7251,103.07764,2722.08105,3243.92114,1707.11011,204.02206,1185.04224,223.6068,5273.03,FALSE
1,3,49.4,1.8,10917.38,474.2362,4848.015,3822.045,576.3029,195,1719.956,372.3238,4858.3,TRUE
3,3,54.8,22.76,1201.75916,70.17834,5105.41846,1975.17725,416.08292,867.07843,2136.12378,307.00162,3649.64,TRUE
2,3,39.2,13.72,6875,136.47343,3175.15356,727.47852,580.28009,22.36068,1481.39294,641.95013,4591.84,TRUE
2,3,49.55,2.96,4727.309,31.62278,2088.403,3198.175,2360.704,212.1909,1106.029,201.5564,4339.05,FALSE
2,3,48.8,23.24,1198.541,111.018,5100.667,2010.479,377.2599,880.6957,2152.864,282.9311,4098.36,FALSE
11,4,64.41,10.16,3401.415,298.4125,3817.725,2365.925,575.0217,88.60023,2040.025,234.2008,3959.01,FALSE
9,3,45.5,7.52,5125.139,156.285,3357.101,615.0813,170,284.605,961.5092,460.8959,3186.81,TRUE
5,3,54.7,4.84,11307.9,285.0439,5529.855,3658.446,1085.772,652.7059,1044.521,215.9282,6334.55,FALSE
3,3,52,0.36,8790.838,163.4778,2951.313,2375.258,746.0731,610.4507,859.142,646.2585,5634.62,FALSE
2,1,32.88,0.48,11763.63574,207.00241,5615.26953,5416.94092,236.48466,2214.45825,2338.56787,182.48288,6143.55,TRUE
1,3,52.1,3.12,11762.72,801.2646,5825.157,4247.073,643.5254,145,675.0185,283.593,6238,FALSE
2,4,58.3,26.28,4765.986,291.0756,3316.282,972.5867,548.2928,96.56604,973.7813,132.0985,4502.57,FALSE
0,3,43.8,8.36,1923.519,25,4397.692,2394.535,581.0551,244.5915,2087.223,100,4223.74,FALSE
1,2,28.1,9.76,5880.553,162.865,852.3497,1005,2398.63,60.20797,1043.276,188.6796,6405.69,FALSE
3,3,52.2,16,5927.618,150.333,757.2483,1080.289,2488.785,65,947.6286,221.4159,6321.84,FALSE
0,2,54.1,0,11799.94,200.0625,6243.919,3792.562,279.5085,1277.507,976.1659,511.1995,5268.02,FALSE
0,3,72.8,1.76,11115,46.09772,6090.125,2804.929,885.0141,2365.46,2155.65,594.3484,5288.46,FALSE
2,2,37.23,16.64,7734.011,105.9481,1909.823,1898.796,1520.995,182.0027,1154.664,287.2716,5774.91,FALSE
4,4,62.9,21.16,4757.525,541.4794,4586.733,1068.562,442.8318,506.1867,2191.347,223.2151,3656.6,TRUE
1,3,44.3,19.6,1922.667,20,4399.617,2390.298,585.0214,240.8319,2089.839,100,4198.65,FALSE
2,3,48.96,2.92,4856.346,240.5203,3072.531,902.8427,574.3257,105.4751,748.9493,365,8067.81,FALSE
3,3,38.67,7.44,3836.421,30,2489.001,3367.406,1863.572,100.4988,548.2928,344.7463,3878.98,TRUE
5,2,38.2,23.8,8443.536,178.0449,2299.576,2672.55,1815.468,366.7424,1435.836,365.3081,5890.05,FALSE
2,3,48.72,0.52,8853.996,175.0714,3014.121,2435.739,720.0695,655.9154,919.3476,697.1549,6465.52,FALSE
4,4,81.2,22.36,6240.938,248.2438,1617.135,1920.169,1413.232,124.1974,331.8509,270.1851,2894.09,TRUE
1,4,96.6,10.2,4889.42725,50.24938,2000.7561,3042.61816,2501.60449,111.01801,945.85938,200,3881.99,TRUE
2,4,48.2,1.96,3978.24707,125.09996,2316.91602,3181.58765,1843.23767,130.38405,435.45953,175.85506,4107.88,FALSE
3,1,33.8,0.28,6375.033,43.01163,2301.098,1393.718,965.9451,246.9818,591.0372,355.1408,6360.95,TRUE
4,2,27.9,29.16,4443.717,295.1694,2749.727,1465.691,1327.403,648.0934,978.0082,241.5057,5627.24,FALSE
0,4,47.2,43.04,4696.076,545.5731,2591.607,1224.51,1185.717,585.8754,728.9204,125.1,5402.54,FALSE
1,2,37.6,14.44,4379.047,159.5306,2560.078,3377.492,1923.148,89.02247,1062.309,231.9483,4122.34,TRUE
2,3,52.5,22.68,8436.966,183.0983,2295.24,2661.823,1826.54,366.7424,1443.087,370.0338,4571.43,FALSE
3,3,56.83,2.96,4780.37646,149.16434,2194.36206,3062.66626,2345.78882,20.61553,995.03766,78.26238,3915.19,TRUE
3,3,44.1,8.6,4765.22,25.4951,2026.253,3190.251,2414.788,240.0521,1092.623,253.87,4117.91,TRUE
4,3,39.4,7.44,6448.60059,143.00349,265.75363,1845.37939,2623.15161,14.14214,26.92582,315.79266,3299.49,TRUE
0,1,34.12,0,12038,770.4058,5960.894,4728.001,173.5656,408.0747,930.5912,700.8745,8059.79,TRUE
2,3,43.2,21.88,5774.58203,319.45267,3665.57642,1965.12085,1279.93164,775.40314,677.53229,193.19679,5034.72,FALSE
2,4,51.9,47.72,8152.952,165.3028,2281.282,1942.531,1658.463,215,1559.118,205.2438,5260.12,FALSE
1,3,42.3,8.04,6216.931,249.0984,427.9311,1340.009,2823.198,317.5689,558.0323,330.1515,5910.17,FALSE
2,3,47.67,0.48,6447.653,25,2283.577,1346.115,903.1196,169.1892,638.1614,321.4421,3146.63,TRUE
3,4,78.62,0,6775.819,101.2423,924.6892,1082.405,2594.499,186.6815,830.2409,219.1461,7122.87,FALSE
6,3,48.8,10.88,10814.49,425,4907.955,3426.543,1063.073,375,1578.647,595,4303.28,TRUE
3,2,35.64,1,6429.961,100.1249,2145.379,1437.167,967.7035,145.6022,567.8248,191.6377,4769.92,TRUE
0,3,41.1,0,12186.92,678.8593,6130,4811.762,46.09772,296.1418,783.6612,570.0877,6082.73,FALSE
1,4,92.37,3.8,5839.422,261.725,618.7285,1295,2676.925,20,852.9068,237.1181,6885.3,FALSE
4,4,63.1,14.68,3495.154,387.6209,3589.154,2317.482,616.786,275.4088,1920.443,147.1394,4675.12,FALSE
3,3,65.7,19.2,6229.06299,360,1427.95312,2070.82715,1556.35791,109.65856,222.09232,447.35333,3911.72,TRUE
0,3,46.7,19.96,8392.401,92.19544,2879.592,1419.903,1316.757,175,1832.901,329.0137,4496.79,FALSE
2,2,39.1,16.88,5301.26855,65,4104.07715,2578.8855,901.38782,448.46964,712.77625,174.92856,4578.01,TRUE
4,3,48,0.44,3385,100,3597.30811,2438.41138,833.44165,186.01076,1560.29639,222.09232,4812.5,FALSE
4,4,95.22,0,6111.66504,85.44004,567.64868,1216.93262,2668.52026,241.86774,725.43091,396.54761,5799.57,FALSE
4,4,90.4,0,6603.36475,69.46222,2313.20654,1216.85046,755.59576,20.61553,777.94598,302.07614,3318.58,TRUE
3,2,61.9,3.24,10926.86,435.2298,4764.402,4635.928,400.2812,1769.477,2843.449,713.4424,5008.08,FALSE
4,4,72.7,7.92,4186.866,245.051,3284.524,2692.36,1601.125,26.92582,718.4706,310.6445,4195.32,FALSE
0,3,43.9,17.8,1938.298,25.4951,4383.848,2402.525,590.3389,235.0532,2074.446,85,4726.65,FALSE
4,4,47.6,4.16,8755.103,290.9038,2585.043,2892.979,1526.376,424.8529,1441.05,190.3943,4831.93,FALSE
3,3,37.5,17.52,4723.188,574.2169,2689.693,1161.142,1054.443,502.0458,689.6557,174.6425,5253.33,FALSE
9,4,58,3.36,5564.209,90.13878,3765.425,2198.05,1170.043,607.3096,555.0901,174.1407,4189.66,FALSE
2,1,37.2,3.72,10941.04,445.7017,4773.997,4659.276,424.323,1773.337,2861.927,697.9434,6478.49,TRUE
4,3,42.8,2.48,6409.076,35,2318.755,1357.765,929.8521,218.2888,626.4982,367.7635,5023.36,FALSE
2,2,30.3,11.04,8129.614,42.42641,3202.952,1784.741,918.7083,1263.022,1649.735,170.8801,2920.79,TRUE
11,4,65.5,19.28,10174.22,154.0292,4255.919,2979.345,1421.979,325,2235.364,788.2417,3969.47,TRUE
2,3,46,5.32,11233.24,268.0019,5059.852,4952.353,355,1850,2820.151,407.4616,6521.74,FALSE
3,4,85.87,0,5581.651,116.7262,630.3174,1723.405,2780.202,249.9,911.1119,257.3908,5356.93,FALSE
2,4,48.7,18.2,6005.4165,506.21143,3693.68726,1760.43323,1316.14966,884.59027,896.93927,129.71121,5010.27,FALSE
2,3,51.9,0,12291.18,531.0838,6255.494,4809.345,164.4688,182.4829,660.9274,449.1102,6647.38,FALSE
5,3,38.8,5.04,3692.709,51.47815,2681.017,3589.492,1786.687,70.17834,736.3763,521.5841,4639.18,FALSE
9,5,73.6,14.72,11571.1,741.9737,5630.766,4089.551,764.1989,140,861.7569,101.2423,5298.91,FALSE
1,4,78.6,6.52,5222.138,25.4951,1051.309,2313.207,2655.245,60,1286.934,352.2783,4949.11,FALSE
1,3,64.6,3.28,4589.905,75,1679.539,2676.682,2160.098,117.686,746.4081,389.4869,2941.18,TRUE
2,3,47.2,2.92,4006.448,132.8533,2322.07349,3246.61743,1944.74939,239.42639,545.02295,174.64249,2118.64,TRUE
2,4,100,4.8,6572.68,55.9017,1387.083,1952.185,1431.38,179.2345,25,325,4800,FALSE
2,3,47.7,5.68,11316.65234,205.24376,5645.91211,3539.32544,887.76404,939.81378,1109.09875,194.55077,6708.6,FALSE
5,4,62.7,13.32,12293.71,330.1893,6552.818,4419.38,136.0147,803.5079,375.8324,160.7016,3987.24,TRUE
4,3,50.5,10.36,4423.022,169.1892,1805.838,2641.07,1932.026,80.62257,545,353.4119,4396.04,TRUE
4,4,62.7,3.48,12336.47,386.2642,6569.205,4489.928,142.1267,728.3543,295,93.94147,4465.71,FALSE
4,3,47.4,0,5432.571,490.306,2497.769,442.8318,764.4116,151.1622,106.8878,838.0483,7278.48,FALSE
3,5,57.81,9.44,1391.69,113.3578,4904.615,2131.977,405.1234,709.454,2339.001,140.3567,4670.47,FALSE
1,2,36,30.12,5230.49,28.28427,1969.803,2649.873,2218,247.0324,555.4277,350.464,4444.44,TRUE
2,2,30.3,11.04,8129.614,42.42641,3202.952,1784.741,918.7083,1263.022,1649.735,170.8801,2920.79,TRUE
6,4,62.7,43.28,12066.83,421.0998,6324.407,4232.095,364.9658,780,437.0927,135,4194.58,FALSE
3,3,37.6,21.36,4530.565,346.6987,2179.748,1511.861,1464.283,61.84658,1194.739,127.7693,5039.89,FALSE
2,4,80,0.48,12098.12,744.1102,6040.149,4738.254,109.6586,314.0064,820.64,609.0156,5500,FALSE
2,2,37.7,59,5027.39,74.33035,3680.245,2655.772,1430.891,53.85165,242.3324,668.9731,4748.01,FALSE
0,3,59.1,9.92,1613.707,90,4839.806,1803.587,871.2778,510.343,2347.19,282.179,2571.91,TRUE
1,3,41.55,2.6,1863.498,82.0061,4448.354,2382.236,522.8049,307.6118,2130.317,165,4813.48,FALSE
1,3,41.25,0,6576.519,85,2270.595,1260.516,794.0403,35.35534,739.0027,262.3452,1769.7,TRUE
2,3,55.98,1.84,10958.22168,60.41523,4776.76123,4266.16943,197.0406,885,2161.30737,534.50909,6296.89,FALSE
4,2,36.55,0.08,6716.0127,45,747.56268,1242.33655,2747.13037,130.09612,637.88715,156.285,7523.94,FALSE
1,4,59.1,20.36,8798.637,266.8333,2756.592,2500.82,846.5371,290.9038,697.2266,386.8462,4467.01,TRUE
2,4,60.4,11.48,3996.561,318.4729,3322.036,1800.34,1127.841,558.8605,1435,540.5784,5173.84,FALSE
4,3,81.34,5.8,6503.67,111.018,2175.23,1367.927,893.6582,80.62257,643.2729,189.2749,3872.63,TRUE
4,1,34.52,1.2,6571.539,89.44272,2269.058,1264.802,798.8273,40.31129,734.2003,261.725,6373.12,TRUE
5,1,27.9,1.6,5709.588,93.94147,495.202,1875.06,2967.09,255.196,762.9712,285,8602.15,TRUE
3,4,54.32,30.48,6043.922,278.792,3934.59,1838.158,1104.729,1108.603,1031.746,87.46428,4399.85,FALSE
3,4,66.8,0,4058.20776,375.93219,11074.87793,3486.33057,62.64982,6619.7959,7039.27539,612.88251,4491.02,FALSE
6,2,34.6,0.56,5136.658,213.6001,2796.395,671.6584,569.3198,28.28427,425.7346,590.3601,8265.9,FALSE
4,2,41.94,10.2,4889.42725,50.24938,2000.7561,3042.61816,2501.60449,111.01801,945.85938,200,4482.59,FALSE
4,4,57.98,0.36,8804.118,148.6607,2957.114,2390.131,755.4138,606.3209,862.6993,644.4571,6502.24,FALSE
2,4,66.34,5.56,4017.353,177.3415,3680.628,1721.344,1159.483,152.0691,1562.37,496.0091,4280.98,FALSE
1,3,44.3,8.36,1923.519,25,4397.692,2394.535,581.0551,244.5915,2087.223,100,4198.65,FALSE
1,2,38.4,29.76,6634.655,150,523.474,2051.981,2380.615,246.2722,227.2664,80,5598.96,FALSE
1,3,51.3,15.92,5553.137,255.4408,2066.331,412.3106,1192.183,167.6305,271.0166,858.4288,6432.75,FALSE
2,3,72.7,8,4267.798,105.4751,2010.827,2924.88,1963.797,159.1383,502.4938,69.46222,2998.62,TRUE
3,2,43.3,2.96,6754.765,150.333,1629.333,1693,1173.552,313.8471,183.5756,166.2077,4849.88,TRUE
2,4,57.4,0,6750.22949,225.49945,1575.79346,416.08292,2093.14355,65,1449.15491,270,6010.45,FALSE
8,3,54.9,10.24,11611.42,549.659,5825.363,3929.138,863.4958,625,748.0809,404.753,4462.66,TRUE
3,4,56.4,26.84,5599.129,211.4829,2055.006,366.2308,1195.492,212.7205,293.0017,904.3921,7517.73,FALSE
2,4,67.99,4,4090.196,197.8004,3888.528,2180.482,1605.81,505.9644,943.3186,494.2924,5368.44,FALSE
1,2,48.7,3.72,10134.4,977.7142,5844.814,1680,302.2003,2823.141,3069.695,1424.86,5544.15,FALSE
8,5,73.6,14.68,11959.35,439.0045,6229.53,4127.112,465.9667,810,527.0911,192.9378,4619.57,FALSE
1,4,87.3,8.76,4284.16,10,4176.338,2089.258,1488.036,555.3602,986.9777,286.4001,5154.64,FALSE
2,4,79,0.48,12098.12,744.1102,6040.149,4738.254,109.6586,314.0064,820.64,609.0156,6075.95,FALSE
1,2,20.91,19.2,6756.066,88.60023,2990.054,845,650.4037,76.15773,1287.245,605.0826,6121.47,FALSE
7,2,32.1,1.12,11461.34,351.7101,5746.923,3710.273,830.1356,823.4227,941.4085,310,4953.27,TRUE
4,3,56.21,20.56,2149.517,91.24144,4114.517,2771.507,403.1129,481.2744,1773.711,311.8493,3380.18,TRUE
3,2,39.4,0,5397.224,489.3363,2509.442,476.7075,759.6052,119.2686,114.1271,807.4187,8121.83,FALSE
2,1,30.5,13.64,4365.25195,190.39433,5130.80176,1585.82788,789.00256,39.05125,1751.01404,113.13708,5180.33,TRUE
3,3,57.58,28.36,5851.13,68.00735,2850.04,1750,1514.942,40,835.2395,275.7716,3647.1,TRUE
1,5,100.42,1.2,6571.539,89.44272,2269.058,1264.802,798.8273,40.31129,734.2003,261.725,5875.32,FALSE
4,2,36.7,3.44,5477.785,373.3631,2212.357,474.0517,1053.613,120.2082,122.0656,790.7275,6403.27,FALSE
0,3,89.3,1.44,11715.24707,325.96011,5518.73633,5243.58643,228.96506,1671.00269,2362.44043,342.23529,7502.8,FALSE
2,3,49.3,0,11679.53809,203.59273,5494.08789,5342.43848,356.72119,1840.44836,2557.71875,150.08331,5030.43,FALSE
2,3,44.7,1.2,6571.539,89.44272,2269.058,1264.802,798.8273,40.31129,734.2003,261.725,5592.84,FALSE
2,3,71.9,7.04,11905.70703,226.55022,5707.41602,5363.26855,317.05676,1703.29089,2273.5271,439.00455,4867.87,FALSE
3,3,42.32,0,6576.519,85,2270.595,1260.516,794.0403,35.35534,739.0027,262.3452,3544.42,TRUE
3,3,32.8,8.36,1923.519,25,4397.692,2394.535,581.0551,244.5915,2087.223,100,4268.29,FALSE
1,3,49.4,15.68,6723.885,114.0175,1561.858,1761.001,1241.551,297.3214,125,170.8801,4291.5,TRUE
0,3,32.47,5.32,4624.824,112.8051,2099.196,3332.435,2303.394,339.7793,1237.033,170,5466.58,FALSE
1,2,28.1,9.76,5880.553,162.865,852.3497,1005,2398.63,60.20797,1043.276,188.6796,6405.69,FALSE
2,3,45.24,2.76,4863.767,313.1294,2914.091,933.1265,693.9921,188.2153,639.7265,343.4021,8178.6,FALSE
1,1,47.1,1.6,5709.588,93.94147,495.202,1875.06,2967.09,255.196,762.9712,285,8280.25,TRUE
1,2,32,8.84,11255.59,180.2776,5097.617,4941.032,260.1922,1990,2725.115,390.032,7662.5,FALSE
2,4,70.05,0,8776.361,141.5097,2925.107,2365.005,776.6112,578.835,830.858,615.0203,7651.68,FALSE
1,4,47.86,37.2,6170.051,499.1242,3476.18,1519.482,1390.297,676.7015,1006.032,414.6384,5223.57,FALSE
4,2,33.8,5.04,3692.709,51.47815,2681.017,3589.492,1786.687,70.17834,736.3763,521.5841,4733.73,TRUE
1,3,48.8,4.88,10857.06,582.5804,4891.301,3557.337,890.0562,190,1593.902,599.2704,4303.28,TRUE
3,3,37.47,1.16,4576.554,103.0776,2147.19,3365.52,2252.094,345.3259,1273.499,129.8076,3469.44,TRUE
1,3,37.1,11.44,6265.82,463.8965,3729.296,1527.825,1375,808.6099,1146.353,333.654,6469,FALSE
6,4,47.98,32.88,3881.71362,60.41523,3033.3562,2947.85522,1397.58716,26.92582,1247.09668,52.20153,2709.46,TRUE
4,2,48.1,1.4,6455.958,106.066,1302.085,2063.032,1541.858,78.26238,15,451.7743,6498.96,FALSE
4,1,41.1,0.28,6375.033,43.01163,2301.098,1393.718,965.9451,246.9818,591.0372,355.1408,4866.18,TRUE
1,2,35.4,4.84,4339.312,87.32124,1949.853,2904.695,2034.367,165.6804,575.0217,118.5327,5000,FALSE
4,4,48.27,32.84,5687.022,308.3018,4154.122,2272.378,782.0806,834.7006,926.9979,186.6815,4402.32,FALSE
8,3,36.9,15.16,6155.94434,397.3978,1477.26941,2080.60083,1571.15405,22.36068,309.27335,433.41666,3387.53,TRUE
3,4,67.6,13.6,4255,377.52484,3359.70605,2648.30615,1670.74829,18.02776,640.07812,219.14607,4571.01,FALSE
2,3,78.6,0,4834.27881,174.92856,2170.62769,3008.90771,2393.24561,11.18034,939.81378,32.01562,2989.82,TRUE
1,3,49.3,14.68,11959.35,439.0045,6229.53,4127.112,465.9667,810,527.0911,192.9378,4421.91,TRUE
4,2,25.11,19.72,4014.623,128.5496,2469.757,2080.024,960.013,234.094,1356.558,418.1507,5973.72,FALSE
4,3,50.3,1.64,5246.868,369.1206,2630.931,601.5189,681.8357,28.28427,252.24,673.0899,7157.06,FALSE
3,2,35.9,1.92,12062.71,706.1339,5973.349,4779.051,155,470.2393,981.644,715.2797,5571.03,FALSE
2,2,28,20.76,6416.494,165.605,445.1123,2139.071,2357.398,69.64194,295.3811,300.8322,7857.14,FALSE
2,3,46.94,7.84,6429.396,137.5682,2516.57,1253.844,886.7074,227.706,766.3224,371.3825,3834.68,TRUE
2,3,85.59,9.24,7336.311,45,4139.106,1282.673,45,415,2540.964,165.5294,4661.76,FALSE
10,3,37.8,15.8,3807.394,221.4724,4106.799,1903.431,1384.431,727.0832,1238.911,299.0819,2645.5,TRUE
2,3,51.6,36.96,5013.99023,118.00423,3727.44556,2681.35229,1394.63257,55.9017,289.69812,662.1933,3624.03,TRUE
8,2,31.7,12.56,2078.00391,165.52945,4522.99121,3812.1189,175.85506,912.31848,2721.47485,1107.07947,4921.14,FALSE
7,5,76.8,22.72,4023.09888,246.22145,4734.28174,1570.50952,1318.19006,597.36926,1517.97559,183.37122,4101.56,FALSE
1,4,76.6,4.72,5790.311,419.3447,3495.29,1892.208,1450.836,680,636.7299,336.7863,6344.65,FALSE
1,4,115.61,46.12,7983.022,82.76472,7895.914,503.2892,183.3712,2868.471,1335.15,1891.56,4843.87,TRUE
1,2,40.1,9.48,4230.015,110.1136,2110.503,3110.506,2082.655,320.0391,629.9603,18.02776,3615.96,TRUE
2,2,34.65,23.12,4214.28516,182.48288,3215.78149,2757.76172,1629.80066,82.76472,707.00073,336.82339,4329,TRUE
2,2,55.4,0.52,11896.49,109.2016,6326.407,3888.563,195,1250,910.412,605.0826,6859.21,FALSE
3,3,74.04,18.84,2596.498,115.434,3693.481,3021.196,747.9305,238.5372,1383.98,595.399,6077.8,FALSE
10,3,46.8,1.12,11461.34,351.7101,5746.923,3710.273,830.1356,823.4227,941.4085,310,4333.33,TRUE
1,3,47.5,6.08,5559.975,416.7733,2559.229,293.0017,683.0812,309.2733,234.2008,987.1677,6947.37,FALSE
6,2,31.7,2.88,2171.52588,186.07794,4404.77002,3743.64795,239.26973,823.07349,2599.37012,1020.60034,3943.22,TRUE
4,3,52.7,0.76,5544.479,442.7471,2531.27,317.5295,713.1094,281.5138,197.8004,969.1491,7400.38,FALSE
3,2,26.25,14.2,5648.827,219.6588,3990.529,2221.717,943.3981,753.9231,776.0316,88.45903,5371.43,FALSE
1,3,51,3.76,11771.92,798.5299,5825.884,4267.488,616.1169,115,682.3672,294.7033,6372.55,FALSE
3,2,26.24,5.36,1556.037,131.244,4705.47,2393.622,217.8302,685.2919,2357.425,80.62257,3810.98,TRUE
1,4,99,23,6145.01807,438.29214,1415.24731,2134.59595,1623.06042,80,298.07718,493.00101,6000,FALSE
3,3,32.3,8.36,1923.519,25,4397.692,2394.535,581.0551,244.5915,2087.223,100,6006.19,FALSE
2,3,41.25,1.2,6571.539,89.44272,2269.058,1264.802,798.8273,40.31129,734.2003,261.725,1769.7,TRUE
8,2,17.5,10.44,8501.672,98.99495,3074.809,1348.082,1220,375.8324,1982.656,315.0397,6857.14,FALSE
0,3,58.8,1.4,6455.958,106.066,1302.085,2063.032,1541.858,78.26238,15,451.7743,6751.7,FALSE
1,4,47.3,25,9479.669,320.6634,3281.052,3453.578,727.616,251.4458,1585.323,229.4014,4862.58,FALSE
4,2,41.6,2.96,4727.309,31.62278,2088.403,3198.175,2360.704,212.1909,1106.029,201.5564,4110.58,TRUE
1,3,58,0,11783.69,161.4001,7018.256,2835.101,250.4496,3035.593,1396.084,1515,5172.41,FALSE
1,2,27.19,7.16,6643.766,47.16991,1592.482,1749.636,1228.515,206.1553,116.297,264.1969,4119.16,TRUE
0,1,48.7,6.16,3703.35327,42.72002,2669.85498,3580.0874,1795.58484,80.62257,730.83856,510.4165,4168.38,TRUE
2,2,23.6,10.12,6650.024,40,1556.406,1780.456,1259.544,221.3594,82.0061,246.9818,6355.93,FALSE
0,4,47.6,29.52,8840.239,261.0077,2657.49,3008.21,1405.036,322.8003,1406.849,275.0454,5462.18,FALSE
1,3,48.7,1.6,12287.38,458.5303,6503.784,4471.208,219.6588,667.2706,244.1823,25,4722.79,TRUE
0,3,58.71,10.2,4889.42725,50.24938,2000.7561,3042.61816,2501.60449,111.01801,945.85938,200,4207.12,FALSE
6,2,49,3.16,8965.503,180.2776,2839.331,2760.236,723.1356,487.468,902.358,178.4657,6300,FALSE
5,2,55.94,0,5604.518,88.45903,611.3101,1701.624,2793.944,224.6108,892.3704,251.0976,7061.27,FALSE
1,4,62.7,10.88,10814.49,425,4907.955,3426.543,1063.073,375,1578.647,595,4625.2,TRUE
0,3,69.46,1.16,6526.29492,154.35349,1167.48657,2163.0188,1643.20569,20.61553,181.1077,453.92731,5974.66,FALSE
2,3,32,16.04,8314.482,272.8095,2454.027,1936.653,1695.936,256.2226,1711.213,308.5855,7812.5,FALSE
3,4,99.7,24.92,5101.6001,163.47783,2184.77686,2685.08838,2282.77246,307.00162,646.56787,241.9194,2808.43,TRUE
3,2,27.2,6.56,4550.93945,200,2305.02173,3293.87695,2148.98242,176.13914,1181.96875,53.15073,5404.41,FALSE
3,1,30,0.56,4926.655,198.4943,2981.749,846.8323,571.9484,80.62257,651.9202,457.1925,6666.67,TRUE
3,2,24.6,2.32,4934.46289,235.84953,4139.04883,854.40039,397.02014,498.52283,1744.27637,184.45866,6910.57,FALSE
1,4,104.8,36.36,5460.298,354.0127,2162.181,2306.886,1904.239,142.3025,304.1792,570.307,3482.82,TRUE
3,2,25.1,8.4,4756.71387,65,2145.37866,3121.57812,2350.88281,104.04326,1040.68481,155.56349,5657.37,FALSE
4,3,56.3,3.92,3930.61377,136.01471,3082.89233,2878.6499,1406.84937,18.02776,1136.8927,181.2457,6083.48,FALSE
2,3,69.04,1.2,3950.456,175.5705,3970.926,2061.189,1483.113,583.0952,1075.663,450.1388,5417.15,FALSE
0,2,42.6,17.84,4443.35742,30,2660.23022,3256.68921,1931.27551,10,865.52008,412.46213,5633.8,FALSE
3,3,72,10.76,6204.567,94.33981,2114.356,1627.859,1178.813,252.8339,356.5459,262.4881,6361.11,FALSE
2,1,32.4,1.36,3125.03589,61.84658,4005.8208,2040.07971,541.13306,113.13708,1770,134.3503,6388.89,TRUE
2,2,36.74,18.36,1237.942,22.36068,5018.895,2251.005,217.3131,942.4039,2316.749,181.7278,4436.58,FALSE
1,4,63.3,16.56,12260.85,289.8707,6357.895,4632.259,592.558,265,166.5083,38.07887,4897.31,FALSE
0,3,43.26,1.2,6571.539,89.44272,2269.058,1264.802,798.8273,40.31129,734.2003,261.725,1930.19,TRUE
4,3,31.72,1.2,6571.539,89.44272,2269.058,1264.802,798.8273,40.31129,734.2003,261.725,4728.88,TRUE
4,4,48.27,23.52,5652.604,274.5906,4160.82,2305.699,773.1753,803.2434,913.5234,151.3274,4599.13,FALSE
4,1,31.3,19.96,4371.54736,170.88008,2802.12866,3153.4624,1833.28259,93.94147,802.76086,470,5654.95,TRUE
3,3,41.87,16.2,7956.77393,275,2129.25464,1867.95337,1542.11707,257.39075,1361.40552,120.93387,5063.29,FALSE
6,2,64.21,0.08,6716.0127,45,747.56268,1242.33655,2747.13037,130.09612,637.88715,156.285,5918.08,FALSE
4,5,98.1,0,4913.502,405.1234,2416.082,2801.75,2385.466,353.6241,723.8957,141.4214,3261.98,TRUE
3,4,62.9,31.08,4444.53,369.6282,4610.098,1355,769.3666,199.1231,2222.167,280.4015,4451.51,FALSE
5,3,56.28,2.44,4983.759,33.54102,1345.251,2578.28,2541.481,165,1151.879,615.0203,3566.1,TRUE
0,5,81.39,0.56,10356.48,157.8765,4276.158,3986.806,539.3514,1428.356,2257.366,766.3224,5283.2,FALSE
0,4,45.1,16.12,5775.92,300.3748,3790.646,2015.8,1156.125,815.9657,738.1734,70.71068,4212.86,TRUE
1,2,27.6,4.8,3115,40.31129,4101.622,1924.74,552.2001,46.09772,1783.711,239.2697,5144.93,FALSE
0,2,31.6,0,3913.518,143.2655,2719.347,3353.181,1635.122,245.4588,1239.456,352.2783,6484.18,FALSE
3,2,35.1,16.4,5680.794,235,2874.182,1920,1683.404,60,690.163,443.0011,3589.74,TRUE
5,3,37.91,19.32,4579.351,585.1709,1979.047,1561.866,1521.184,332.0392,1356.401,130.8625,4879.98,FALSE
2,4,79.42,0,6464.712,185.0676,351.4612,1519.186,2930.294,100,298.8729,345,6043.82,FALSE
0,4,47.2,40.8,4179.294,25.4951,2967.528,1703.937,1239.94,749.5665,1235.981,384.7077,4533.9,FALSE
0,4,69.3,14.2,7165.342,20.61553,4072.987,1111.002,111.018,250,2401.213,122.0656,4083.69,FALSE
0,3,37.6,21.92,4161.082,182.0027,2388.122,1911.838,1094.578,162.865,1471.436,254.8039,5186.17,FALSE
2,4,60.4,14.4,3528.527,410,3597.558,2273.862,653.8539,286.3564,1890.569,187.8829,3973.51,TRUE
3,3,64.7,0,5616.665,118.5327,590.0847,1749.836,2827.035,268.7936,870.1293,303.7268,4404.95,TRUE
2,3,64.8,3.72,8388.42676,365.13696,3289.31982,940.01331,765,700.8031,2041.9231,315.67389,3819.44,TRUE
1,3,61.1,10.4,6763.12451,40,686.03937,1398.4635,2800.00439,164.46884,518.6521,276.08875,6873.98,FALSE
0,4,53,17.44,9954.839,446.878,3757.047,3748.163,986.9271,729.9658,2126.088,228.9651,4622.64,FALSE
4,4,89.76,7.16,6643.766,47.16991,1592.482,1749.636,1228.515,206.1553,116.297,264.1969,4010.7,TRUE
1,3,37.44,3.52,8493.505,95,2957.723,1480.355,1395,251.0976,1931.23,229.4014,5341.88,FALSE
2,4,63.6,1.6,12224.04,395.3796,6468.466,4380.074,223.8861,750,340.0368,122.9837,4088.05,TRUE
10,3,46.8,1.12,11461.34,351.7101,5746.923,3710.273,830.1356,823.4227,941.4085,310,4487.18,TRUE
4,3,44.2,5.16,1944.074,31.62278,4377.308,2409.424,589.6185,236.0085,2067.565,80,4321.27,FALSE
0,5,73.6,2.16,12281.14,288.6174,6336.981,4705.964,525.4046,115,295.4657,83.21658,4076.09,FALSE
0,5,86.93,48.72,4645,262.3928,3489.198,2739.973,1872.712,393.7321,382.0995,180.6239,5061.54,FALSE
4,3,46.8,0.28,8732.949,85.58621,2833.553,2342.824,898.137,457.739,731.7445,498.2218,7051.28,FALSE
2,3,49.5,21.84,7898.235,151.1622,1819.073,2400.255,2033.009,118.0042,1476.11,674.2589,5656.57,FALSE
2,2,57.32,1.2,3950.456,175.5705,3970.926,2061.189,1483.113,583.0952,1075.663,450.1388,5321,FALSE
3,5,81.1,32.96,11439.11,432.0301,5623.922,3812.22,1067.532,538.3539,908.6391,261.1992,3760.79,TRUE
0,3,46.73,0,11836.13574,784.23529,5820.10547,4436.62305,409.20654,150,810.26233,460.10867,6098.87,FALSE
1,3,41.93,5.84,4643.58154,208.92583,2590.61768,3047.82715,2113.00732,165.52945,729.53754,221.92342,6725.49,FALSE
0,2,35.03,42.76,1504.26892,93.40771,4798.83301,2171.3186,428.63153,596.84589,2429.03784,158.90248,4424.78,FALSE
2,3,37.5,35.76,3820.1604,85.58621,3160.71582,2814.37817,1300.81702,75,1229.88818,177.55281,5680,FALSE
0,2,32,17.04,9468.56,519.3506,3374.27,2906.514,1660.369,230,2205.023,351.0698,5000,FALSE
2,3,49.1,3.76,11688.48,817.0833,5750.941,4184.047,688.8396,145,745,209.8809,4480.65,TRUE
2,2,32.73,23.16,6782.14014,25,773.98322,1288.60388,2712.27295,201.55644,633.24561,228.52789,6416.13,FALSE
2,4,47.6,26.28,8520.8,373.1622,2419.938,2532.316,1900.322,315,1629.149,272.8553,5462.18,FALSE
1,2,25.1,5.2,4261.23535,95.52486,2011.49817,2911.67041,1944.27368,137.93114,483.73547,83.81527,5856.57,FALSE
1,5,118.7,5.04,6369.227,60.20797,2195.382,1453.616,1001.699,221.3594,533.1276,250,3454.09,TRUE
0,3,43.7,29.64,4216.835,261.9638,2307.277,1879.927,1155.876,234.2008,1420.959,219.1461,4736.84,FALSE
3,2,45.7,9.24,4425.45459,61.84658,2693.58496,3260.13794,1907.0658,15.81139,850,435.48822,5689.28,FALSE
2,3,36.5,4.44,5521.062,240.8319,2049.597,2294.613,1872.926,136.565,226.3846,652.3228,5753.42,FALSE
